stem,cut_surface_score,px_per_cm,is_cut_surface,labeled
SS21-33416^2021_06_01_08_23_25^^,0.611,,1,1
SS21-33569^2021_06_01_09_14_18^^,0.896,102.0,1,0
SS21-34107^2021_06_03_09_04_34^^,0.944,127.0,1,1
SS21-34115^2021_06_03_09_20_47^^,0.514,,0,1
SS21-34460^2021_06_03_15_56_55^^,0.681,,1,1
SS21-34765^2021_06_04_16_31_12^^,0.994,,1,1
SS21-34765^2021_06_07_07_13_53^^,0.784,49.0,1,1
SS21-35263^2021_06_08_11_01_21^^,0.79,69.0,1,1
SS21-35269^2021_06_09_08_48_51^^,0.557,,1,1
SS21-35425^2021_06_09_08_47_04^^,0.544,,1,1
SS21-35590^2021_06_09_10_24_16^^,0.876,55.0,1,1
SS21-35590^2021_06_10_07_35_12^^,0.823,50.0,1,1
SS21-35751^2021_06_10_08_45_29^^,0.56,,1,1
SS21-35913^2021_06_10_10_46_24^^,0.916,38.0,1,1
SS21-35913^2021_06_11_07_40_56^^,0.997,40.0,1,1
SS21-35933^2021_06_11_10_25_21^^,0.557,,1,1
SS21-37283^2021_06_16_11_20_08^^,0.968,51.0,1,1
SS21-37283^2021_06_17_14_09_41^^,0.951,51.0,1,1
SS21-37283^2021_06_17_14_17_12^^,0.797,55.0,1,1
SS21-37293^2021_06_16_14_10_53^^,0.578,,1,1
SS21-37297^2021_06_17_08_30_20^^,0.542,29.0,1,1
SS21-37627^2021_06_17_14_40_39^^,0.587,,1,1
SS21-37784^2021_06_17_15_53_55^^,0.54,,1,1
SS21-37921^2021_06_18_09_09_13^^,0.972,,1,1
SS21-37921^2021_06_18_09_11_32^^,1.277,99.0,1,1
SS21-38174^2021_06_18_16_44_39^^,1.084,65.0,1,0
SS21-38563^2021_06_22_09_19_14^^,1.067,,1,1
SS21-38563^2021_06_23_11_54_40^^,0.792,57.0,1,1
SS21-38567^2021_06_22_09_21_23^^,0.854,58.0,1,1
SS21-38567^2021_06_23_07_45_38^^,0.732,55.0,1,1
SS21-38567^2021_06_23_10_21_57^^,0.704,77.0,1,0
SS21-38576^2021_06_22_09_36_32^^,0.912,51.0,1,1
SS21-38576^2021_06_23_07_44_22^^,0.972,46.0,1,1
SS21-38576^2021_06_23_12_08_47^^,0.343,,0,1
SS21-38576^2021_06_23_12_09_23^^,0.394,,0,1
SS21-38745^2021_06_22_15_45_07^^,0.785,,1,1
SS21-39090^2021_06_24_08_22_37^^,0.523,,1,1
SS21-39246^2021_06_25_08_31_34^^,0.956,24.0,1,1
SS21-40575^2021_06_30_09_23_01^^,1.182,,1,1
SS21-40575^2021_07_01_07_44_16^^,1.17,,1,1
SS21-40580^2021_06_30_14_25_46^^,0.836,127.0,1,1
SS21-40589^2021_07_01_08_35_56^^,0.839,127.0,1,1
SS21-40772^2021_06_30_15_43_25^^,0.826,,1,1
SS21-40783^2021_06_30_15_48_49^^,0.96,,1,0
SS21-40937^2021_07_01_10_13_23^^,0.552,,1,1
SS21-41209^2021_07_02_09_01_22^^,0.517,,1,1
SS21-41214^2021_07_02_08_24_05^^,0.789,53.0,1,0
SS21-41214^2021_07_05_07_36_15^^,0.928,55.0,1,1
SS21-41214^2021_07_05_13_10_15^^,0.676,68.0,1,0
SS21-41367^2021_07_02_15_33_33^^,0.896,37.0,1,0
SS21-41367^2021_07_02_15_43_52^^,0.88,,1,0
SS21-41367^2021_07_05_07_44_56^^,0.818,39.0,1,1
SS21-41367^2021_07_05_12_20_05^^,0.9,50.0,1,1
SS21-42051^2021_07_07_08_33_55^^,1.262,123.0,1,1
SS21-42371^2021_07_07_16_11_23^^,0.825,,1,1
SS21-42510^2021_07_08_09_06_02^^,0.84,44.0,1,0
SS21-42510^2021_07_09_07_41_19^^,0.807,42.0,1,0
SS21-42510^2021_07_09_10_09_20^^,0.365,,0,0
SS21-42510^2021_07_09_10_09_43^^,0.751,115.0,1,1
SS21-42510^2021_07_09_10_15_06^^,0.738,90.0,1,1
SS21-42545^2021_07_08_09_59_00^^,0.737,,1,1
SS21-42826^2021_07_09_08_20_44^^,0.551,,1,1
SS21-42835^2021_07_09_08_52_52^^,0.985,,1,1
SS21-42835^2021_07_09_09_33_20^^,0.912,45.0,1,0
SS21-42835^2021_07_12_07_49_31^^,0.665,45.0,1,1
SS21-42835^2021_07_12_10_40_39^1234^,0.893,,1,1
SS21-43481^2021_07_13_09_30_20^^,0.866,44.0,1,0
SS21-43481^2021_07_13_09_30_38^^,0.809,,1,0
SS21-43481^2021_07_14_07_51_58^^,1.045,44.0,1,1
SS21-43481^2021_07_14_07_52_16^^,1.058,,1,0
SS21-43481^2021_07_14_13_55_25^^,0.765,60.0,1,0
SS21-43484^2021_07_13_09_29_14^^,1.095,57.0,1,0
SS21-43484^2021_07_13_09_29_24^^,1.012,,1,0
SS21-43484^2021_07_14_07_52_54^^,0.856,52.0,1,0
SS21-43484^2021_07_14_07_53_04^^,0.844,52.0,1,0
SS21-43484^2021_07_14_14_02_46^^,0.822,82.0,1,0
SS21-43863^2021_07_14_09_57_54^^,1.311,44.0,1,0
SS21-43863^2021_07_15_07_48_51^^,0.995,47.0,1,0
SS21-43863^2021_07_15_15_49_11^^,0.881,61.0,1,0
SS21-43863^2021_07_15_15_49_35^^,0.878,76.0,1,0
SS21-43863^2021_07_15_15_51_38^^,1.049,66.0,1,0
SS21-43863^2021_07_15_15_55_01^^,1.007,56.0,1,0
SS21-43863^2021_07_15_15_55_24^^,0.972,56.0,1,0
SS21-44234^2021_07_15_13_40_24^^,0.784,128.0,1,0
SS21-44745^2021_07_16_16_24_56^^,1.068,,1,0
SS21-44745^2021_07_19_07_38_19^^,0.734,56.0,1,0
SS21-45063^2021_07_19_15_44_32^^,0.548,,1,0
SS21-45226^2021_07_20_14_29_20^^,0.779,24.0,1,0
SS21-45755^2021_07_21_15_42_50^^,0.551,,1,0
SS21-45763^2021_07_22_09_13_13^^,0.968,127.0,1,0
SS21-45774^2021_07_22_08_19_26^^,0.536,,1,0
SS21-45774^2021_07_22_08_22_02^^,0.534,,1,0
SS21-45922^2021_07_22_13_55_53^^,0.941,104.0,1,0
SS21-47168^2021_07_28_09_31_27^^,1.028,57.0,1,0
SS21-47168^2021_07_29_07_44_35^^,0.823,59.0,1,0
SS21-47476^2021_07_29_09_21_30^^,0.839,44.0,1,0
SS21-47476^2021_07_30_07_46_07^^,0.948,,1,0
SS21-47476^2021_07_30_10_28_43^^,0.818,89.0,1,0
SS21-48746^2021-08-04_11-13-42,0.873,37.0,1,0
SS21-48746^2021_08_05_07_31_16^^,0.977,,1,0
SS21-48746^2021_08_05_14_14_58^^,1.022,,1,0
SS21-48760^2021_08_04_13_34_57^^,0.577,,1,0
SS21-48867^2021_08_05_08_19_54^^,0.557,,1,0
SS21-49019^2021_08_05_10_35_35^^,1.144,55.0,1,0
SS21-49019^2021_08_06_09_24_34^^,1.088,54.0,1,0
SS21-49019^2021_08_06_09_29_47^^,0.916,73.0,1,0
SS21-49019^2021_08_06_09_30_04^^,0.984,73.0,1,0
SS21-49161^2021_08_05_14_15_29^^,0.946,48.0,1,0
SS21-49161^2021_08_06_07_29_12^^,1.102,58.0,1,0
SS21-49161^2021_08_06_12_57_02^^,0.354,,0,0
SS21-49806^2021_08_09_14_37_25^^,1.085,61.0,1,0
SS21-49806^2021_08_10_07_45_20^^,0.738,62.0,1,0
SS21-49875^2021_08_09_14_49_08^^,1.134,70.0,1,0
SS21-49875^2021_08_10_07_39_45^^,0.924,71.0,1,0
SS21-50303 Regross,1.133,,1,0
SS21-50303^2021_08_11_10_42_27^1234^,0.702,102.0,1,0
SS21-50303^2021_08_16_13_02_38^^,1.133,,1,0
SS21-50308^2021_08_11_09_07_21^^,0.622,,1,0
SS21-50416^2021_08_11_13_55_20^1234^,0.539,,1,0
SS21-50432^2021_08_11_15_20_20^1234^,1.066,125.0,1,0
SS21-50526^2021-08-13_08-34-36,0.559,,1,0
SS21-50526^2021_08_13_08_31_07^^,0.573,,1,0
SS21-51288^2021_08_16_11_26_34^^,0.908,46.0,1,0
SS21-51288^2021_08_17_07_42_38^^,1.031,,1,0
SS21-51288^2021_08_17_10_23_54^^,0.863,113.0,1,0
SS21-51362^2021_08_17_08_41_40^^,0.854,,1,0
SS21-51386^2021_08_17_09_08_57^^,0.705,40.0,1,0
SS21-51386^2021_08_17_09_15_10^^,0.766,86.0,1,0
SS21-51391^2021_08_17_08_52_49^^,0.532,,1,0
SS21-51759^2021_08_18_10_22_04^^,1.011,39.0,1,0
SS21-51759^2021_08_19_08_13_25^^,0.976,44.0,1,0
SS21-51940^2021_08_19_08_43_26^^,0.502,,0,0
SS21-51996^2021_08_18_14_52_09^^,1.238,44.0,1,0
SS21-51996^2021_08_19_08_24_07^^,1.01,,1,0
SS21-52058^2021-08-20_08-44-40,1.046,128.0,1,0
SS21-52269^2021_08_20_08_52_59^^,0.993,,1,0
SS21-52885^2021_08_23_14_02_35^^,1.185,,1,0
SS21-52885^2021_08_24_08_06_51^^,0.862,49.0,1,0
SS21-52885^2021_08_24_14_18_14^^,0.694,77.0,1,0
SS21-53209^2021_08_24_11_13_46^^,1.117,40.0,1,0
SS21-53442^2021_08_25_09_51_19^^,0.78,113.0,1,0
SS21-53621^2021_08_25_13_40_50^^,0.538,,1,0
SS21-53710^2021_08_26_09_24_52^^,0.611,,1,0
SS21-54958^2021_09_02_08_30_00^^,0.984,128.0,1,0
SS21-54976^2021_09_01_08_57_34^^,0.601,,1,0
SS21-55242^2021_09_01_14_27_01^^,0.567,,1,0
SS21-55436^2021_09_02_09_54_13^^,0.562,,1,0
SS21-55454^2021_09_02_14_32_50^^,0.887,,1,0
SS21-55485^2021_09_03_08_56_04^^,0.543,,1,0
SS21-56150^2021_09_06_13_20_36^^,0.564,,1,0
SS21-56164^2021_09_06_13_33_41^^,0.537,,1,0
SS21-56243^2021_09_07_09_33_37^^,0.827,44.0,1,0
SS21-56243^2021_09_08_08_11_38^^,0.872,47.0,1,0
SS21-56383^2021_09_07_10_07_30^^,0.76,,1,0
SS21-56739^2021_09_08_10_01_44^^,0.524,,1,0
SS21-56823^2021_09_08_13_17_41^^,0.593,,1,0
SS21-56842^2021_09_09_08_41_59^^,0.546,,1,0
SS21-57112^2021_09_09_14_27_07^^,0.994,,1,0
SS21-57600^2021_09_14_08_47_35^^,0.48,,0,0
SS21-57600^2021_09_14_08_47_46^^,0.505,,0,0
SS21-57667^2021_09_13_09_48_33^^,1.035,56.0,1,0
SS21-57667^2021_09_14_08_19_22^^,1.055,57.0,1,0
SS21-57667^2021_09_14_10_22_07^^,0.755,55.0,1,0
SS21-57803^2021_09_13_11_14_48^^,0.563,,1,0
SS21-57974^2021_09_15_09_12_17^^,0.515,,0,0
SS21-57999^2021_09_14_09_31_35^^,0.511,,0,0
SS21-58018^2021_09_15_09_05_08^^,0.493,36.0,0,0
SS21-58163^2021_09_14_11_06_21^^,1.005,46.0,1,0
SS21-58163^2021_09_15_08_20_48^^,1.036,44.0,1,0
SS21-58163^2021_09_15_14_32_26^^,0.951,72.0,1,0
SS21-58163^2021_09_15_14_32_34^^,0.87,72.0,1,0
SS21-58317^2021_09_15_09_11_09^^,0.899,112.0,1,0
SS21-58317^2021_09_15_09_13_36^^,1.239,112.0,1,0
SS21-58403^2021_09_16_08_39_26^^,0.512,,0,0
SS21-58498^2021_09_16_08_31_07^^,0.913,128.0,1,0
SS21-58538^2021_09_15_14_53_57^^,1.426,42.0,1,0
SS21-58714^2021_09_16_10_36_53^1234^,0.94,41.0,1,0
SS21-58714^2021_09_17_08_24_07^^,0.752,45.0,1,0
SS21-58874^2021_09_16_09_31_06^^,1.313,127.0,1,0
SS21-58881^2021_09_16_09_38_46^^,0.782,127.0,1,0
SS21-58881^2021_09_16_09_41_57^^,0.607,,1,0
SS21-58890^2021_09_16_10_37_58^1234^,0.892,44.0,1,0
SS21-58890^2021_09_16_10_38_26^1234^,1.156,75.0,1,0
SS21-58890^2021_09_17_08_20_43^^,0.97,46.0,1,0
SS21-58890^2021_09_17_08_21_00^^,1.126,,1,0
SS21-59265^2021_09_17_14_02_33^^,0.873,53.0,1,0
SS21-59265^2021_09_17_14_02_58^^,0.88,52.0,1,0
SS21-59265^2021_09_23_08_24_21^^,0.957,,1,0
SS21-59265^2021_09_23_08_24_47^^,0.784,57.0,1,0
SS21-60352^2021_09_28_11_08_30^^,1.164,128.0,1,0
SS21-60366^2021_09_27_15_01_19^^,0.522,,1,0
SS21-60615^2021_09_28_13_28_25^^,1.031,44.0,1,0
SS21-60615^2021_09_29_08_26_27^^,0.793,51.0,1,0
SS21-60615^2021_09_29_14_25_43^^,0.708,61.0,1,0
SS21-60802^2021_09_29_09_04_04^^,1.259,128.0,1,0
SS21-60938^2021_09_29_10_39_57^^,0.972,,1,0
SS21-60938^2021_09_30_08_16_32^^,0.761,50.0,1,0
SS21-60938^2021_09_30_14_06_04^^,0.771,98.0,1,0
SS21-60940^2021_09_29_09_59_35^^,0.538,,1,0
SS21-60971^2021_09_29_13_38_30^^,0.844,44.0,1,0
SS21-60971^2021_09_30_08_15_17^^,0.864,45.0,1,0
SS21-60971^2021_09_30_13_56_48^^,0.816,76.0,1,0
SS21-61026^2021_09_29_13_44_36^^,0.483,,0,0
SS21-61061^2021_09_29_14_36_41^^,0.579,,1,0
SS21-61131^2021_09_30_09_07_30^^,0.525,,1,0
SS21-61314^2021_10_01_08_32_13^^,0.882,127.0,1,0
SS21-61385^2021_09_30_14_01_15^^,1.335,44.0,1,0
SS21-62064^2021_10_05_09_34_41^^,0.53,,1,0
SS21-62116^2021_10_05_10_14_42^^,0.889,,1,0
SS21-62116^2021_10_06_08_23_06^^,0.919,44.0,1,0
SS21-62116^2021_10_06_11_00_37^^,0.853,60.0,1,0
SS21-62426^2021_10_05_14_58_42^^,0.995,41.0,1,0
SS21-62426^2021_10_06_08_13_58^^,0.854,41.0,1,0
SS21-62426^2021_10_06_10_48_07^^,1.031,,1,0
SS22-00098^2022_01_04_09_29_19^^,0.509,,0,0
SS22-00164^2022_01_05_13_48_01^^,0.466,,0,0
SS22-00304^2022_01_04_14_52_56^^,1.116,127.0,1,0
SS22-00346^2022_01_04_16_18_52^^,1.459,127.0,1,0
SS22-00697^2022_01_05_13_20_46^^,0.495,,0,0
SS22-00782^2022_01_07_08_52_04^^,0.716,20.0,1,0
SS22-00940^2022_01_06_09_52_55^^,1.161,32.0,1,0
SS22-00940^2022_01_06_09_53_12^^,0.929,,1,0
SS22-00940^2022_01_07_08_23_09^^,0.965,41.0,1,0
SS22-00940^2022_01_07_08_23_15^^,0.792,41.0,1,0
SS22-00940^2022_01_07_10_43_10^^,0.848,55.0,1,0
SS22-00940^2022_01_07_10_43_16^^,1.069,55.0,1,0
SS22-00981^2022_01_07_09_36_41^^,0.463,,0,0
SS22-01374^2022_01_07_13_22_46^^,1.161,122.0,1,0
SS22-01746^2022_01_11_09_54_35^^,0.473,,0,0
SS22-01750^2022_01_11_09_17_53^^,0.438,,0,0
SS22-02000^2022_01_11_09_31_40^^,0.997,127.0,1,0
SS22-02205^2022_01_12_09_37_05^^,1.126,,1,0
SS22-02205^2022_01_12_09_37_19^^,0.809,45.0,1,0
SS22-02205^2022_01_13_08_25_29^^,0.885,44.0,1,0
SS22-02205^2022_01_13_10_44_03^^,0.805,46.0,1,0
SS22-02329^2022_01_13_08_51_39^^,0.876,126.0,1,0
SS22-02335^2022_01_12_10_05_17^^,0.985,49.0,1,0
SS22-02335^2022_01_13_08_26_26^^,0.927,49.0,1,0
SS22-02443^2022_01_12_14_16_31^^,0.531,,1,0
SS22-02542^2022_01_13_09_13_17^^,0.472,,0,0
SS22-03300^2022_01_17_09_12_34^^,1.2,126.0,1,0
SS22-03311^2022_01_17_10_14_43^^,1.097,,1,0
SS22-03311^2022_01_18_08_34_11^^,1.055,,1,0
SS22-03484^2022_01_18_08_52_39^^,0.477,,0,0
SS22-03545^2022-01-19_12-33-54,0.33,,0,0
SS22-03545^2022_01_18_08_44_32^^,1.029,44.0,1,0
SS22-03545^2022_01_18_08_44_59^^,1.103,,1,0
SS22-03545^2022_01_19_08_31_17^^,0.915,42.0,1,0
SS22-03545^2022_01_19_08_31_49^^,0.972,,1,0
SS22-03912^2022_01_19_08_56_07^^,0.493,,0,0
SS22-04034^2022_01_19_09_16_22^^,1.109,,1,0
SS22-04034^2022_01_19_09_23_41^^,1.169,109.0,1,0
SS22-04037^2022_01_19_09_31_34^^,0.479,,0,0
SS22-04076^2022_01_19_13_16_26^^,1.337,44.0,1,0
SS22-04154^2022_01_20_10_48_16^^,0.471,,0,0
SS22-04223^2022_01_21_15_10_46^^,0.453,,0,0
SS22-05152^2022_01_24_13_34_19^^,0.482,,0,0
SS22-05223^2022_01_25_08_35_58^^,0.493,,0,0
SS22-05278^2022_01_25_08_57_19^^,1.226,127.0,1,0
SS22-05349^2022_01_25_09_42_37^^,1.021,38.0,1,0
SS22-05349^2022_01_25_09_46_49^^,0.817,108.0,1,0
SS22-05400^2022_01_25_09_57_25^^,0.782,48.0,1,0
SS22-05400^2022_01_25_09_59_17^^,0.817,75.0,1,0
SS22-05509^2022_01_25_15_08_41^^,1.369,36.0,1,0
SS22-05509^2022_01_25_15_10_39^^,1.048,47.0,1,0
SS22-05605^2022_01_26_10_28_40^^,1.036,44.0,1,0
SS22-05605^2022_01_27_08_30_23^^,1.116,50.0,1,0
SS22-05688^2022_01_26_10_50_36^^,1.262,45.0,1,0
SS22-05688^2022_01_26_10_51_20^^,1.225,45.0,1,0
SS22-05688^2022_01_27_08_27_16^^,1.07,44.0,1,0
SS22-05688^2022_01_27_08_27_25^^,1.024,44.0,1,0
SS22-05795^2022_01_26_14_30_24^^,1.075,42.0,1,0
SS22-05795^2022_01_27_08_39_41^^,1.047,,1,0
SS22-05932^2022_01_27_10_55_19^^,0.484,,0,0
SS22-06099^2022_01_28_08_51_25^^,0.488,,0,0
SS22-06147^2022_01_27_10_45_51^^,0.688,,1,0
SS22-07198^2022_02_04_14_01_28^^,0.806,,1,0
SS22-07198^2022_02_04_14_02_07^^,0.761,40.0,1,0
SS22-07198^2022_02_04_15_25_06^^,1.16,37.0,1,0
SS22-07198^2022_02_07_08_25_15^^,0.959,36.0,1,0
SS22-07226^2022_02_04_16_17_38^^,0.882,45.0,1,0
SS22-07226^2022_02_04_16_20_40^^,0.927,55.0,1,0
SS22-07226^2022_02_07_10_33_38^^,1.142,,1,0
SS22-07226^2022_02_07_10_53_41^^,1.071,,1,0
SS22-07484^2022_02_07_15_14_16^^,0.967,50.0,1,0
SS22-07484^2022_02_08_08_21_56^^,1.068,,1,0
SS22-07484^2022_02_08_13_43_58^^,1.059,53.0,1,0
SS22-08173^2022_02_09_14_19_00^^,0.774,52.0,1,0
SS22-08173^2022_02_10_08_19_31^^,0.748,55.0,1,0
SS22-08279^2022_02_11_08_59_50^^,0.825,,1,0
SS22-08279^2022_02_11_09_00_12^^,0.981,127.0,1,0
SS22-08324^2022_02_10_10_04_31^^,0.462,,0,0
SS22-08886^2022_02_11_14_29_27^^,0.93,43.0,1,0
SS22-08886^2022_02_11_14_36_26^^,0.917,40.0,1,0
SS22-08886^2022_02_11_14_36_44^^,0.876,40.0,1,0
SS22-08886^2022_02_14_08_23_29^^,0.823,40.0,1,0
SS22-08886^2022_02_14_08_24_05^^,0.677,40.0,1,0
SS22-08886^2022_02_14_08_57_37^^,0.748,46.0,1,0
SS22-08886^2022_02_14_08_58_34^^,0.826,46.0,1,0
SS22-08985^2022_02_14_14_22_17^^,0.447,,0,0
SS22-09683^2022_02_16_09_43_22^^,0.838,,1,0
SS22-09794^2022_02_16_10_10_25^^,0.819,40.0,1,0
SS22-09794^2022_02_17_08_41_21^^,0.996,,1,0
SS22-09822^2022_02_16_10_39_59^^,0.487,,0,0
SS22-09864^2022_02_16_13_31_40^^,0.473,,0,0
SS22-09969^2022_02_17_08_44_51^^,0.497,,0,0
SS22-10249^2022_02_17_13_31_29^^,1.251,61.0,1,0
SS22-10249^2022_02_18_08_19_51^^,1.029,58.0,1,0
SS22-10507^2022_02_18_10_19_02^^,0.504,173.0,0,0
SS22-11202^2022_02_22_09_49_00^^,0.483,,0,0
SS22-11242^2022_02_22_11_13_42^^,1.39,65.0,1,0
SS22-11242^2022_02_23_08_31_35^^,1.229,,1,0
SS22-11242^2022_02_23_08_31_46^^,0.931,60.0,1,0
SS22-11534^2022_02_23_10_06_04^^,1.395,126.0,1,0
SS22-11617^2022_02_23_13_40_39^^,0.496,,0,0
SS22-11621^2022_02_23_13_46_55^^,1.11,,1,0
SS22-11621^2022_02_23_13_47_13^^,0.716,,1,0
SS22-11621^2022_02_24_08_18_52^^,0.872,51.0,1,0
SS22-11621^2022_02_24_08_19_09^^,0.848,51.0,1,0
SS22-11621^2022_02_24_09_03_53^^,1.182,125.0,1,0
SS22-11837^2022_02_25_09_21_22^^,0.451,,0,0
SS22-11842^2022_02_24_10_27_00^^,1.247,,1,0
SS22-11842^2022_02_24_10_27_26^^,0.809,45.0,1,0
SS22-11842^2022_02_25_11_02_10^^,0.98,,1,0
SS22-11842^2022_02_25_11_06_04^^,0.804,74.0,1,0
SS22-11842^2022_02_25_11_14_38^^,0.833,116.0,1,0
SS22-11929^2022_02_24_13_32_04^^,0.922,,1,0
SS22-11929^2022_02_24_13_32_25^^,0.953,,1,0
SS22-11929^2022_02_25_08_21_24^^,0.916,45.0,1,0
SS22-11929^2022_02_25_08_21_37^^,0.778,45.0,1,0
SS22-11929^2022_02_25_09_28_13^^,0.507,,0,0
SS22-12428^2022_02_28_10_42_00^^,0.905,50.0,1,0
SS22-12428^2022_02_28_10_48_37^^,0.758,48.0,1,0
SS22-12428^2022_02_28_10_48_45^^,0.835,48.0,1,0
SS22-12428^2022_03_02_08_15_37^^,0.968,,1,0
SS22-12428^2022_03_02_08_15_47^^,0.936,,1,0
SS22-12428^2022_03_02_08_41_39^^,0.247,,0,0
SS22-12428^2022_03_02_08_42_22^^,0.263,,0,0
SS22-12702^2022_03_03_09_45_40^^,0.453,,0,0
SS22-12903^2022_03_03_09_58_31^^,0.511,,0,0
SS22-13637^2022_03_07_14_24_43^^,0.799,41.0,1,0
SS22-13977^2022_03_08_13_53_19^^,0.683,,1,0
SS22-13980^2022_03_10_08_52_36^^,0.772,127.0,1,0
SS22-14290^2022_03_10_13_38_31^^,1.177,102.0,1,0
SS22-14611^2022_03_11_14_40_07^^,0.499,,0,0
SS22-15172^2022_03_16_08_58_17^^,0.791,127.0,1,0
SS22-15203^2022_03_15_12_35_00^^,1.201,36.0,1,0
SS22-15203^2022_03_16_08_41_06^^,0.852,32.0,1,0
SS22-15203^2022_03_16_09_51_27^^,0.931,80.0,1,0
SS22-15203^2022_03_16_09_51_38^^,0.87,80.0,1,0
SS22-15289^2022_03_15_14_57_31^^,1.329,,1,0
SS22-15289^2022_03_16_08_21_57^^,0.948,41.0,1,0
SS22-15289^2022_03_16_09_27_15^^,0.958,89.0,1,0
SS22-15493^2022_03_16_10_00_43^^,0.851,,1,0
SS22-15493^2022_03_17_09_59_29^^,1.074,,1,0
SS22-15493^2022_03_17_10_04_05^^,0.822,46.0,1,0
SS22-15566^2022_03_17_09_56_41^^,0.478,,0,0
SS22-15672^2022_03_17_09_50_19^^,1.516,127.0,1,0
SS22-17011^2022_03_24_10_52_50^^,0.373,,0,0
SS22-17011^2022_03_24_10_52_56^^,0.382,,0,0
SS22-17011^2022_03_24_10_56_34^^,0.391,,0,0
SS22-17184^2022_03_24_09_25_20^^,0.472,,0,0
SS22-17247^2022_03_24_10_01_35^^,1.215,49.0,1,0
SS22-17247^2022_03_24_10_01_53^^,1.137,,1,0
SS22-17247^2022_03_24_10_08_53^^,1.403,49.0,1,0
SS22-17247^2022_03_25_08_45_52^^,0.992,47.0,1,0
SS22-17247^2022_03_25_10_27_22^^,1.039,59.0,1,0
SS22-17407^2022_03_24_13_38_04^^,0.475,,0,0
SS22-18063^2022_03_29_09_55_16^^,0.845,,1,0
SS22-18096^2022_03_29_08_43_26^^,0.512,,0,0
SS22-18100^2022_03_29_09_53_27^^,0.888,34.0,1,0
SS22-18100^2022_03_30_08_31_10^^,0.938,36.0,1,0
SS22-18100^2022_03_30_09_04_40^^,1.019,50.0,1,0
SS22-18472^2022_03_30_09_21_43^^,1.055,45.0,1,0
SS22-18472^2022_03_31_08_50_21^^,1.012,,1,0
SS22-18472^2022_03_31_09_36_37^^,0.875,98.0,1,0
SS22-18511^2022_03_30_14_53_17^^,0.438,,0,0
SS22-18576^2022_03_30_14_21_18^^,0.577,,1,0
SS22-18683^2022_03_31_10_48_17^^,0.456,,0,0
SS22-19443^2022_04_04_10_55_16^^,0.994,53.0,1,0
SS22-19443^2022_04_05_08_29_58^^,1.049,51.0,1,0
SS22-19443^2022_04_05_09_03_32^^,1.086,86.0,1,0
SS22-19569^2022_04_05_14_49_21^^,1.051,52.0,1,0
SS22-19569^2022_04_05_14_49_41^^,0.827,40.0,1,0
SS22-19569^2022_04_05_14_49_53^^,0.933,48.0,1,0
SS22-19569^2022_04_06_08_27_28^^,0.819,47.0,1,0
SS22-19569^2022_04_06_11_27_29^^,0.401,,0,0
SS22-20120^2022_04_06_14_07_57^^,1.171,54.0,1,0
SS22-20120^2022_04_06_14_08_03^^,1.247,,1,0
SS22-20120^2022_04_06_14_14_00^^,0.946,127.0,1,0
SS22-20122^2022_04_06_13_59_54^^,0.481,,0,0
SS22-20369^2022_04_07_15_13_43^^,0.982,57.0,1,0
SS22-20369^2022_04_08_08_36_51^^,0.971,58.0,1,0
SS22-20369^2022_04_08_09_31_21^^,0.771,83.0,1,0
SS22-20409^2022_04_07_15_15_02^^,0.948,49.0,1,0
SS22-20409^2022_04_07_15_20_10^^,0.877,,1,0
SS22-20409^2022_04_08_08_40_38^^,0.88,45.0,1,0
SS22-21187^2022_04_12_09_54_49^^,0.453,,0,0
SS22-21187^2022_04_12_09_55_00^^,0.459,,0,0
SS22-21187^2022_04_12_09_55_08^^,0.455,,0,0
SS22-21187^2022_04_12_09_55_24^^,0.461,,0,0
SS22-21411^2022_04_13_09_29_36^^,0.448,,0,0
SS22-21660^2022_04_13_13_53_03^^,0.942,127.0,1,0
SS22-21780^2022_04_13_14_06_26^^,0.487,,0,0
SS22-21782^2022_04_13_14_08_53^^,0.477,,0,0
SS22-21834^2022_04_14_09_11_34^^,0.722,,1,0
SS22-21977^2022_04_14_16_14_03^^,1.373,42.0,1,0
SS22-21977^2022_04_14_16_14_38^^,1.027,,1,0
SS22-21977^2022_04_15_08_37_25^^,1.187,,1,0
SS22-21977^2022_04_15_08_37_50^^,1.123,,1,0
SS22-21977^2022_04_15_13_23_42^^,0.964,40.0,1,0
SS22-21981^2022_04_15_10_12_02^^,0.593,,1,0
SS22-22747^2022_04_18_13_29_40^^,0.422,,0,0
SS22-22883^2022_04_19_10_32_21^^,0.469,,0,0
SS22-23358^2022_04_20_13_57_34^^,0.516,344.0,0,0
SS22-23431^2022_04_20_14_37_57^^,0.501,32.0,0,0
SS22-23503^2022_04_21_16_23_52^^,0.434,,0,0
SS22-23530^2022_04_21_09_50_33^^,0.791,127.0,1,0
SS22-23636^2022_04_21_09_18_04^^,1.0,,1,0
SS22-23636^2022_04_21_09_18_14^^,0.848,,1,0
SS22-23636^2022_04_21_09_24_04^^,0.502,,0,0
SS22-23641^2022_04_21_11_12_56^^,1.069,,1,0
SS22-23641^2022_04_22_08_26_27^^,0.927,49.0,1,0
SS22-23641^2022_04_22_09_50_42^^,1.159,47.0,1,0
SS22-23641^2022_04_22_09_51_26^^,1.155,94.0,1,0
SS22-23644^2022_04_21_10_20_15^^,1.158,127.0,1,0
SS22-24091^2022_04_25_10_03_58^^,0.375,,0,0
SS22-24436^2022_04_26_13_24_12^^,0.675,,1,0
SS22-24602^2022_04_27_09_18_53^^,1.27,127.0,1,0
SS22-24777^2022_04_28_10_30_09^^,0.405,,0,0
SS22-24926^2022_04_27_13_57_33^^,0.788,,1,0
SS22-25059^2022_04_27_16_47_31^^,1.243,108.0,1,0
SS22-25185^2022_04_28_10_47_23^^,1.516,127.0,1,0
SS22-25299^2022_04_28_13_34_37^^,0.477,,0,0
SS22-25742^2022_05_02_11_21_20^^,1.186,127.0,1,0
SS22-26005^2022_05_02_14_20_31^^,0.421,,0,0
SS22-26031^2022_05_02_15_08_25^^,0.97,32.0,1,0
SS22-26031^2022_05_02_15_08_42^^,0.781,32.0,1,0
SS22-26031^2022_05_03_08_23_57^^,0.803,34.0,1,0
SS22-26031^2022_05_03_08_24_06^^,0.796,34.0,1,0
SS22-26031^2022_05_03_10_40_01^^,1.011,,1,0
SS22-26031^2022_05_03_10_41_49^^,1.019,44.0,1,0
SS22-26031^2022_05_03_10_42_13^^,0.962,,1,0
SS22-26031^2022_05_03_10_42_33^^,0.843,,1,0
SS22-26350^2022_05_03_14_20_07^^,0.505,,0,0
SS22-26504^2022_05_04_13_30_41^^,0.46,,0,0
SS22-26595^2022_05_04_13_53_04^^,0.605,,1,0
SS22-26595^2022_05_04_13_53_16^^,0.863,24.0,1,0
SS22-26652^2022_05_04_18_05_17^^,0.498,,0,0
SS22-26942^2022_05_06_16_25_28^^,0.425,,0,0
SS22-26961^2022_05_09_08_45_13^^,1.008,60.0,1,0
SS22-26961^2022_05_11_14_38_19^^,0.409,,0,0
SS22-27431^2022_05_09_15_30_09^^,0.792,44.0,1,0
SS22-27431^2022_05_09_15_30_27^^,0.759,44.0,1,0
SS22-27431^2022_05_09_15_30_44^^,0.814,,1,0
SS22-27431^2022_05_10_08_29_49^^,0.831,32.0,1,0
SS22-27431^2022_05_10_08_29_58^^,1.016,,1,0
SS22-27431^2022_05_10_14_33_31^^,0.738,55.0,1,0
SS22-27431^2022_05_10_14_33_45^^,0.769,55.0,1,0
SS22-27473^2022_05_10_10_16_50^^,0.48,62.0,0,0
SS22-27841^2022_05_11_09_45_53^^,0.446,,0,0
SS22-27861^2022_05_11_10_05_41^^,0.476,,0,0
SS22-27993^2022_05_11_09_20_59^^,1.023,52.0,1,0
SS22-27993^2022_05_12_08_39_55^^,0.787,48.0,1,0
SS22-27993^2022_05_12_08_58_30^^,0.751,61.0,1,0
SS22-28113^2022_05_12_08_48_51^^,0.752,,1,0
SS22-28122^2022_05_11_14_31_04^^,0.458,,0,0
SS22-28234^2022_05_12_16_31_25^^,0.608,,1,0
SS22-28360^2022_05_12_11_16_18^^,0.461,,0,0
SS22-28454^2022_05_12_14_24_27^^,1.254,127.0,1,0
SS22-29126^2022_05_16_14_18_15^^,1.061,42.0,1,0
SS22-29126^2022_05_16_14_18_31^^,0.937,,1,0
SS22-29126^2022_05_17_08_25_54^^,0.819,37.0,1,0
SS22-29126^2022_05_17_08_26_03^^,0.768,37.0,1,0
SS22-29126^2022_05_17_09_44_34^^,1.073,48.0,1,0
SS22-29126^2022_05_17_09_45_14^^,0.955,,1,0
SS22-29381^2022_05_17_10_15_30^^,0.45,,0,0
SS22-29407^2022_05_18_09_07_21^^,0.513,,0,0
SS22-29464^2022_05_17_14_29_15^^,0.957,,1,0
SS22-29464^2022_05_17_14_29_28^^,0.726,,1,0
SS22-29464^2022_05_18_08_47_58^^,1.001,24.0,1,0
SS22-29464^2022_05_18_09_33_58^^,1.287,59.0,1,0
SS22-29501^2022_05_18_10_04_06^^,1.213,127.0,1,0
SS22-29624^2022_05_18_14_26_33^^,1.559,127.0,1,0
SS22-29784^2022_05_18_14_22_40^^,0.45,,0,0
SS22-29858^2022_05_18_14_32_59^^,0.414,,0,0
SS22-30978^2022_05_25_09_40_53^1234^,0.435,,0,0
SS22-31225^2022_05_24_13_37_49^^,0.527,,1,0
SS22-31312^2022_05_25_09_33_59^1234^,1.233,48.0,1,0
SS22-31312^2022_05_25_09_35_04^1234^,0.855,48.0,1,0
SS22-31312^2022_05_25_09_35_43^1234^,0.988,42.0,1,0
SS22-31312^2022_05_26_08_35_53^^,0.929,50.0,1,0
SS22-31312^2022_05_26_08_36_03^^,0.906,51.0,1,0
SS22-31312^2022_05_26_12_55_52^^,0.899,62.0,1,0
SS22-31623^2022_05_26_09_28_43^^,0.618,,1,0
SS22-32212^2022_05_27_13_24_45^^,0.492,,0,0
SS22-32732^2022_05_31_10_19_25^^,0.994,127.0,1,0
SS22-32903^2022-06-02_09-19-10,0.784,114.0,1,0
SS22-33008^2022_05_31_16_46_38^^,1.041,50.0,1,0
SS22-33008^2022_06_02_08_37_56^^,0.965,45.0,1,0
SS22-33008^2022_06_02_10_05_24^^,0.471,,0,0
SS22-33228^2022_06_02_09_51_30^^,1.424,,1,0
SS22-33228^2022_06_02_09_57_57^^,0.989,38.0,1,0
SS22-33228^2022_06_02_09_58_13^^,0.549,38.0,1,0
SS22-33228^2022_06_02_09_59_16^^,0.969,38.0,1,0
SS22-33228^2022_06_03_08_35_11^^,0.858,35.0,1,0
SS22-33228^2022_06_03_08_35_24^^,0.712,35.0,1,0
SS22-33231^2022_06_02_10_33_27^^,1.21,,1,0
SS22-33231^2022_06_02_10_33_49^^,0.778,,1,0
SS22-33231^2022_06_03_08_37_05^^,1.141,,1,0
SS22-33231^2022_06_03_08_37_13^^,0.954,,1,0
SS22-33231^2022_06_03_09_25_55^^,1.253,55.0,1,0
SS22-33231^2022_06_03_09_26_32^^,1.466,55.0,1,0
SS22-33231^2022_06_03_09_27_01^^,1.217,,1,0
SS22-33231^2022_06_03_09_27_41^^,1.296,,1,0
SS22-33477^2022_06_03_10_19_42^^,0.615,,1,0
SS22-33932^2022_06_07_09_47_17^^,0.748,36.0,1,0
SS22-33932^2022_06_08_08_25_26^^,0.881,36.0,1,0
SS22-33932^2022_06_08_10_29_55^^,1.095,,1,0
SS22-33932^2022_06_08_10_29_59^^,1.086,,1,0
SS22-34051^2022_06_07_14_58_19^^,0.96,43.0,1,0
SS22-34051^2022_06_08_08_35_43^^,0.88,44.0,1,0
SS22-34051^2022_06_08_09_07_03^^,1.06,,1,0
SS22-34051^2022_06_13_11_34_14^^,0.817,83.0,1,0
SS22-34242^2022_06_08_10_00_18^^,0.636,,1,0
SS22-34401^2022_06_08_13_39_49^^,0.447,,0,0
SS22-34544^2022_06_09_09_43_17^1234^,0.719,,1,0
SS22-34544^2022_06_09_09_43_31^1234^,0.707,62.0,1,0
SS22-34548^2022_06_09_09_51_29^1234^,0.305,,0,0
SS22-34761^2022_06_10_08_41_36^^,0.414,,0,0
SS22-35124^2022_06_13_09_00_32^^,0.317,,0,0
SS22-35483^2022_06_13_13_42_59^^,1.176,,1,0
SS22-35483^2022_06_13_13_43_19^^,1.056,44.0,1,0
SS22-35483^2022_06_14_08_25_15^^,0.952,,1,0
SS22-35483^2022_06_14_08_25_24^^,0.827,44.0,1,0
SS22-35483^2022_06_14_09_35_48^^,0.807,124.0,1,0
SS22-35777^2022_06_14_09_18_25^^,0.901,,1,0
SS22-35777^2022_06_14_09_18_31^^,0.753,49.0,1,0
SS22-35777^2022_06_14_09_25_18^^,0.899,78.0,1,0
SS22-35875^2022_06_14_14_15_54^^,0.856,,1,0
SS22-35875^2022_06_14_14_16_02^^,0.858,,1,0
SS22-35875^2022_06_14_14_17_11^^,0.902,,1,0
SS22-35875^2022_06_14_14_26_45^^,1.248,44.0,1,0
SS22-35875^2022_06_14_14_26_59^^,1.265,,1,0
SS22-35875^2022_06_15_08_23_41^^,0.919,,1,0
SS22-35875^2022_06_15_09_09_29^^,0.942,,1,0
SS22-35875^2022_06_15_09_21_36^^,0.622,107.0,1,0
SS22-35881^2022_06_14_14_20_27^^,1.041,50.0,1,0
SS22-35881^2022_06_15_08_28_11^^,0.963,58.0,1,0
SS22-35881^2022_06_15_09_24_58^^,0.727,107.0,1,0
SS22-36024^2022_06_15_10_47_59^^,1.104,40.0,1,0
SS22-36024^2022_06_16_08_32_41^^,1.077,21.0,1,0
SS22-36024^2022_06_16_10_45_07^^,1.12,53.0,1,0
SS22-36165^2022_06_16_09_06_16^^,1.004,107.0,1,0
SS22-36239^2022_06_15_11_09_37^^,0.608,,1,0
SS22-36262^2022_06_15_13_31_45^^,0.455,,0,0
SS22-36293^2022_06_15_14_11_32^^,0.454,,0,0
SS22-36611^2022_06_16_13_50_29^^,0.453,,0,0
SS22-36839^2022_06_20_09_05_09^^,0.963,,1,0
SS22-36999^2022_06_20_09_10_49^^,1.109,36.0,1,0
SS22-36999^2022_06_20_09_10_56^^,1.186,,1,0
SS22-36999^2022_06_20_09_18_18^^,1.141,,1,0
SS22-36999^2022_06_20_09_20_52^^,0.955,97.0,1,0
SS22-37276^2022_06_20_13_45_55^^,1.067,52.0,1,0
SS22-37276^2022_06_20_13_46_09^^,1.051,58.0,1,0
SS22-37584^2022_06_21_10_03_43^^,0.437,,0,0
SS22-37714^2022_06_21_14_27_43^^,1.327,,1,0
SS22-37714^2022_06_22_08_28_27^^,0.983,,1,0
SS22-37714^2022_06_22_09_15_57^^,1.249,115.0,1,0
SS22-38016^2022_06_22_13_18_28^^,0.441,,0,0
SS22-38066^2022_06_22_14_41_19^^,0.502,,0,0
SS22-38091^2022_06_24_08_48_18^^,0.39,,0,0
SS22-38394^2022_06_23_13_40_25^^,1.127,38.0,1,0
SS22-38394^2022_06_23_13_40_42^^,0.904,,1,0
SS22-38394^2022_06_24_08_28_47^^,0.864,,1,0
SS22-38394^2022_06_24_08_28_58^^,0.991,,1,0
SS22-38394^2022_06_24_08_44_42^^,1.439,103.0,1,0
SS22-38394^2022_06_24_08_44_58^^,0.818,103.0,1,0
SS22-39104^2022_06_27_13_39_19^^,0.435,,0,0
SS22-39147^2022_06_27_14_19_07^^,0.479,,0,0
SS22-39297^2022_06_28_09_07_17^^,0.746,59.0,1,0
SS22-39297^2022_06_28_09_07_25^^,0.887,31.0,1,0
SS22-39297^2022_06_28_09_07_42^^,0.754,59.0,1,0
SS22-39297^2022_06_28_09_21_12^^,0.836,38.0,1,0
SS22-39297^2022_06_28_09_21_55^^,0.753,38.0,1,0
SS22-39297^2022_06_29_08_37_27^^,0.745,34.0,1,0
SS22-39297^2022_06_29_13_21_17^^,0.809,54.0,1,0
SS22-39297^2022_06_29_13_21_38^^,0.943,,1,0
SS22-39297^2022_06_29_13_24_44^^,0.948,95.0,1,0
SS22-39297^2022_06_29_13_28_56^^,0.369,,0,0
SS22-39402^2022_06_29_08_56_10^^,0.65,31.0,1,0
SS22-39411^2022_06_28_10_50_40^^,0.437,,0,0
SS22-39486^2022_06_28_14_15_44^^,0.917,26.0,1,0
SS22-39486^2022_06_29_08_40_24^^,0.789,38.0,1,0
SS22-39486^2022_06_29_09_17_16^^,0.805,62.0,1,0
SS22-39864^2022_06_30_09_13_54^^,1.395,113.0,1,0
SS22-39868^2022_06_30_08_47_46^^,0.368,,0,0
SS22-40097^2022_06_30_13_50_22^^,1.041,96.0,1,0
SS22-41078^2022_07_06_10_00_19^^,0.991,79.0,1,0
SS22-41080^2022_07_05_08_50_29^^,1.264,49.0,1,0
SS22-41080^2022_07_06_08_32_02^^,0.988,45.0,1,0
SS22-41080^2022_07_06_09_05_49^^,1.154,49.0,1,0
SS22-41165^2022_07_05_10_43_37^^,0.861,29.0,1,0
SS22-41165^2022_07_06_08_24_49^^,0.919,32.0,1,0
SS22-41165^2022_07_06_08_39_06^^,0.966,74.0,1,0
SS22-41914^2022_07_07_10_17_10^^,0.991,127.0,1,0
SS22-42871^2022_07_12_08_32_05^^,0.908,43.0,1,0
SS22-42871^2022_07_13_08_34_46^^,0.817,44.0,1,0
SS22-42871^2022_07_13_08_53_25^^,0.202,,0,0
SS22-42998^2022_07_12_10_08_55^^,0.412,,0,0
SS22-43238^2022_07_12_14_21_59^^,1.107,40.0,1,0
SS22-43238^2022_07_13_08_35_31^^,0.871,32.0,1,0
SS22-43603^2022_07_13_13_51_25^^,0.519,,1,0
SS22-43850^2022_07_14_10_28_48^^,0.439,,0,0
SS22-43852^2022_07_15_08_55_41^^,0.416,,0,0
SS22-43857^2022_07_14_09_29_06^^,0.966,,1,0
SS22-43857^2022_07_14_09_29_23^^,0.917,,1,0
SS22-43857^2022_07_14_09_43_28^^,0.823,,1,0
SS22-43857^2022_07_14_09_43_59^^,0.694,54.0,1,0
SS22-43857^2022_07_15_08_34_24^^,0.822,29.0,1,0
SS22-43857^2022_07_15_10_19_31^^,1.12,,1,0
SS22-43857^2022_07_15_10_23_02^^,1.169,127.0,1,0
SS22-44675^2022_07_18_13_55_03^^,0.491,,0,0
SS22-45040^2022_07_19_13_55_10^^,1.297,47.0,1,0
SS22-45040^2022_07_20_08_20_49^^,1.156,,1,0
SS22-45040^2022_07_20_08_50_15^^,0.981,60.0,1,0
SS22-45072^2022_07_19_14_19_34^^,1.126,,1,0
SS22-45072^2022_07_19_14_19_59^^,0.901,,1,0
SS22-45072^2022_07_20_08_29_58^^,0.875,51.0,1,0
SS22-45072^2022_07_20_08_51_36^^,1.11,60.0,1,0
SS22-45313^2022_07_21_08_56_56^^,0.905,127.0,1,0
SS22-45408^2022_07_21_08_57_26^^,0.421,,0,0
SS22-45435^2022_07_20_14_15_32^^,0.453,,0,0
SS22-45563^2022_07_21_10_08_59^^,1.291,127.0,1,0
SS22-45604^2022_07_21_09_08_10^^,0.859,49.0,1,0
SS22-45604^2022_07_21_09_08_24^^,0.844,49.0,1,0
SS22-45604^2022_07_21_09_13_25^^,1.058,,1,0
SS22-45604^2022_07_21_09_13_52^^,0.933,,1,0
SS22-45604^2022_07_22_08_32_16^^,0.976,,1,0
SS22-45604^2022_07_22_10_51_53^^,0.897,90.0,1,0
SS22-45662^2022_07_21_10_34_40^^,0.605,48.0,1,0
SS22-46442^2022_07_25_13_22_14^^,0.622,,1,0
SS22-46620^2022_07_26_09_27_14^^,1.203,128.0,1,0
SS22-46620^2022_07_26_09_30_12^^,1.235,128.0,1,0
SS22-46653^2022_07_26_10_01_42^^,0.878,,1,0
SS22-46795^2022_07_26_14_38_36^^,1.361,,1,0
SS22-46795^2022_07_26_14_38_45^^,1.173,,1,0
SS22-46795^2022_07_27_08_25_20^^,1.17,,1,0
SS22-46795^2022_07_27_08_25_25^^,1.11,,1,0
SS22-46795^2022_07_27_09_24_55^^,0.989,63.0,1,0
SS22-46795^2022_07_27_09_25_24^^,1.016,55.0,1,0
SS22-46795^2022_07_27_09_25_59^^,1.16,50.0,1,0
SS22-46861^2022_07_27_09_27_22^^,0.939,,1,0
SS22-46861^2022_07_27_09_27_30^^,0.622,,1,0
SS22-46861^2022_07_28_08_25_52^^,1.039,38.0,1,0
SS22-46861^2022_07_28_11_15_47^^,1.153,,1,0
SS22-47178^2022_07_28_09_58_53^^,0.424,,0,0
SS22-47178^2022_07_28_09_59_01^^,0.426,21.0,0,0
SS22-47178^2022_07_28_09_59_08^^,0.434,34.0,0,0
SS22-47178^2022_07_28_09_59_20^^,0.434,47.0,0,0
SS22-47355^2022_07_29_08_44_05^^,0.449,,0,0
SS22-47448^2022_07_28_13_57_33^^,0.461,,0,0
SS22-48138^2022_08_01_16_10_19^^,1.371,126.0,1,0
SS22-48138^2022_08_01_16_10_24^^,1.186,126.0,1,0
SS22-48138^2022_08_01_16_11_15^^,0.579,,1,0
SS22-48370^2022_08_02_10_41_21^^,1.37,,1,0
SS22-48370^2022_08_03_08_27_29^^,1.127,,1,0
SS22-48395^2022_08_02_10_25_48^^,0.631,,1,0
SS22-48978^2022_08_04_10_41_09^^,1.002,44.0,1,0
SS22-48978^2022_08_05_08_27_39^^,0.834,48.0,1,0
SS22-48978^2022_08_05_10_15_43^^,0.937,125.0,1,0
SS22-49101^2022_08_04_11_08_19^^,1.121,30.0,1,0
SS22-49101^2022_08_04_11_08_31^^,0.993,45.0,1,0
SS22-49101^2022_08_05_08_26_49^^,1.069,,1,0
SS22-49101^2022_08_05_08_26_57^^,1.12,,1,0
SS22-49101^2022_08_05_11_23_02^^,1.045,55.0,1,0
SS22-49101^2022_08_05_11_23_24^^,1.263,,1,0
SS22-49101^2022_08_05_11_23_42^^,1.115,,1,0
SS22-49247^2022_08_05_10_16_29^^,0.971,53.0,1,0
SS22-49247^2022_08_05_10_16_36^^,0.915,,1,0
SS22-49247^2022_08_05_10_23_44^^,1.209,67.0,1,0
SS22-49889^2022_08_08_15_28_35^^,0.951,27.0,1,0
SS22-49889^2022_08_08_15_28_46^^,0.821,40.0,1,0
SS22-49889^2022_08_09_08_33_37^^,1.102,,1,0
SS22-49889^2022_08_09_08_33_45^^,0.825,41.0,1,0
SS22-49889^2022_08_09_11_03_56^^,0.844,58.0,1,0
SS22-49889^2022_08_09_11_04_58^^,0.967,58.0,1,0
SS22-50046^2022_08_09_10_49_54^^,0.74,49.0,1,0
SS22-50046^2022_08_09_10_50_04^^,0.598,49.0,1,0
SS22-50046^2022_08_09_10_56_19^^,0.769,49.0,1,0
SS22-50046^2022_08_10_08_29_32^^,0.782,43.0,1,0
SS22-50046^2022_08_10_10_46_34^^,0.296,,0,0
SS22-50046^2022_08_10_10_47_17^^,0.264,,0,0
SS22-50138^2022_08_09_10_22_36^^,0.425,,0,0
SS22-50156^2022_08_09_10_06_20^^,0.385,,0,0
SS22-50158^2022_08_09_10_28_28^^,0.382,,0,0
SS22-50235^2022_08_09_13_27_58^^,0.626,,1,0
SS22-50350^2022_08_10_09_55_10^^,1.363,31.0,1,0
SS22-50350^2022_08_11_08_28_14^^,1.128,,1,0
SS22-50350^2022_08_11_08_56_55^^,0.946,,1,0
SS22-50718^2022_08_11_09_12_38^^,0.719,,1,0
SS22-50718^2022_08_11_09_12_45^^,1.025,,1,0
SS22-50718^2022_08_11_09_19_19^^,0.878,60.0,1,0
SS22-50718^2022_08_11_09_19_41^^,0.861,60.0,1,0
SS22-50718^2022_08_11_09_19_57^^,0.939,60.0,1,0
SS22-50718^2022_08_12_08_22_00^^,0.786,56.0,1,0
SS22-50718^2022_08_12_11_39_00^^,0.687,61.0,1,0
SS22-50718^2022_08_12_11_39_08^^,0.643,61.0,1,0
SS22-50734^2022_08_11_10_40_26^^,0.542,,1,0
SS22-51182^2022_08_12_14_24_46^^,0.986,49.0,1,0
SS22-51182^2022_08_12_14_25_34^^,0.824,,1,0
SS22-51511^2022_08_16_13_39_48^^,0.414,,0,0
SS22-51649^2022_08_17_09_11_20^^,1.058,,1,0
SS22-51649^2022_08_18_08_27_16^^,1.028,,1,0
SS22-51923^2022_08_18_09_55_30^^,0.694,328.0,1,0
SS22-52149^2022_08_18_11_01_58^^,0.893,127.0,1,0
SS22-52234^2022_08_19_08_56_37^^,1.125,127.0,1,0
SS22-53207^2022_08_24_10_27_22^^,0.741,127.0,1,0
SS22-53243^2022_08_23_11_04_52^^,1.509,118.0,1,0
SS22-53303^2022_08_23_14_17_13^^,0.874,46.0,1,0
SS22-53303^2022_08_23_14_17_17^^,0.893,,1,0
SS22-53303^2022_08_23_14_17_34^^,0.805,28.0,1,0
SS22-53303^2022_08_24_08_41_17^^,1.155,,1,0
SS22-53303^2022_08_24_08_41_26^^,0.979,41.0,1,0
SS22-53303^2022_08_24_09_32_15^^,1.377,,1,0
SS22-53316^2022_08_23_14_16_32^^,0.931,43.0,1,0
SS22-53316^2022_08_24_08_35_07^^,0.938,,1,0
SS22-53316^2022_08_24_09_02_32^^,0.689,77.0,1,0
SS22-53457^2022_08_24_08_33_17^^,0.962,72.0,1,0
SS22-53457^2022_08_25_08_36_46^^,1.039,40.0,1,0
SS22-53457^2022_08_25_09_46_08^1234^,0.759,37.0,1,0
SS22-53457^2022_08_25_09_47_24^1234^,0.909,42.0,1,0
SS22-53457^2022_08_25_09_48_29^1234^,0.992,44.0,1,0
SS22-53525^2022_08_24_13_14_09^^,0.919,127.0,1,0
SS22-53686^2022_08_25_08_42_32^^,0.401,,0,0
SS22-53856^2022_08_25_10_50_52^^,0.425,,0,0
SS22-53966^2022_08_25_13_54_41^^,1.4,127.0,1,0
SS22-54150^2022_08_26_10_58_04^^,1.027,46.0,1,0
SS22-54150^2022_08_26_10_58_17^^,1.014,46.0,1,0
SS22-54150^2022_08_26_11_16_45^^,1.366,48.0,1,0
SS22-54501^2022_08_29_09_24_06^^,1.131,,1,0
SS22-54847^2022_08_30_10_26_31^^,0.414,,0,0
SS22-54967^2022_08_30_10_53_50^^,1.467,126.0,1,0
SS22-55042^2022_08_30_13_59_29^^,1.047,37.0,1,0
SS22-55042^2022_08_31_08_30_35^^,0.868,44.0,1,0
SS22-55042^2022_08_31_08_37_41^^,0.806,108.0,1,0
SS22-55293^2022_08_31_09_52_47^^,1.073,,1,0
SS22-55293^2022_09_01_08_33_25^^,0.811,46.0,1,0
SS22-55293^2022_09_01_09_53_55^^,1.033,63.0,1,0
SS22-55293^2022_09_01_09_54_15^^,0.859,67.0,1,0
SS22-55293^2022_09_01_09_54_29^^,0.893,67.0,1,0
SS22-55293^2022_09_01_09_54_48^^,0.897,72.0,1,0
SS22-55293^2022_09_01_09_55_11^^,0.882,72.0,1,0
SS22-55421^2022_09_01_08_49_15^^,0.441,,0,0
SS22-55424^2022_08_31_14_52_41^^,1.26,40.0,1,0
SS22-55424^2022_08_31_14_52_49^^,0.767,40.0,1,0
SS22-55424^2022_09_01_08_28_56^^,0.932,41.0,1,0
SS22-55424^2022_09_01_08_53_34^^,1.16,106.0,1,0
SS22-55506^2022_09_01_10_59_12^^,0.434,,0,0
SS22-55509^2022_09_01_10_46_26^^,0.397,,0,0
SS22-55713^2022_09_01_11_17_19^^,0.62,,1,0
SS22-56066^2022_09_02_13_29_56^^,0.358,,0,0
SS22-56679^2022_09_06_10_14_19^^,1.044,,1,0
SS22-56679^2022_09_06_10_14_29^^,0.874,,1,0
SS22-56679^2022_09_06_10_19_59^^,0.697,,1,0
SS22-56679^2022_09_06_10_20_08^^,1.353,127.0,1,0
SS22-56679^2022_09_06_10_20_21^^,1.075,127.0,1,0
SS22-56679^2022_09_06_10_20_27^^,0.874,127.0,1,0
SS22-56679^2022_09_07_08_31_34^^,0.854,29.0,1,0
SS22-56679^2022_09_07_08_32_16^^,0.362,,0,0
SS22-56679^2022_09_07_08_32_24^^,0.388,,0,0
SS22-56679^2022_09_07_10_14_54^^,0.983,44.0,1,0
SS22-56682^2022_09_06_10_03_10^^,0.616,,1,0
SS22-56685^2022_09_06_10_30_21^^,1.077,127.0,1,0
SS22-56695^2022_09_06_13_15_07^^,0.651,,1,0
SS22-56700^2022_09_06_11_07_09^^,0.629,,1,0
SS22-56788^2022_09_06_14_14_58^^,0.668,32.0,1,0
SS22-56794^2022_09_06_13_44_02^^,0.973,55.0,1,0
SS22-56794^2022_09_07_08_34_30^^,0.999,55.0,1,0
SS22-56794^2022_09_07_09_33_39^^,0.662,127.0,1,0
SS22-56794^2022_09_07_09_33_44^^,0.794,127.0,1,0
SS22-56864^2022_09_07_11_16_03^^,0.707,,1,0
SS22-57047^2022_09_07_09_52_06^^,1.573,95.0,1,0
SS22-57297^2022_09_08_09_09_05^^,0.455,,0,0
SS22-57353^2022_09_08_10_21_30^^,0.422,,0,0
SS22-57515^2022_09_08_14_19_24^^,0.935,43.0,1,0
SS22-57515^2022_09_08_14_19_33^^,0.906,43.0,1,0
SS22-57515^2022_09_13_08_32_24^^,0.977,,1,0
SS22-57515^2022_09_13_08_32_32^^,0.879,,1,0
SS22-57515^2022_09_13_10_13_32^^,1.107,126.0,1,0
SS22-58222^2022_09_14_11_07_27^^,0.633,,1,0
SS22-58433^2022_09_15_09_36_16^^,0.352,,0,0
SS22-58608^2022_09_15_13_26_03^^,0.415,,0,0
SS22-59656^2022_09_20_10_18_03^^,0.422,,0,0
SS22-59668^2022_09_20_10_26_38^^,0.657,,1,0
SS22-60457^2022_09_23_09_04_21^^,0.754,,1,0
SS22-60477^2022_09_22_13_39_11^^,0.408,,0,0
SS22-60607^2022_09_23_10_24_24^^,0.999,,1,0
SS22-60607^2022_09_23_10_24_35^^,0.741,54.0,1,0
SS22-60607^2022_09_26_08_38_19^^,0.916,47.0,1,0
SS22-60607^2022_09_26_08_38_25^^,0.735,47.0,1,0
SS22-60607^2022_09_26_09_32_55^^,0.803,78.0,1,0
SS22-61157^2022_09_26_13_31_11^^,1.085,43.0,1,0
SS22-61157^2022_09_27_08_42_52^^,1.016,,1,0
SS22-61157^2022_09_27_08_58_46^^,0.857,41.0,1,0
SS22-61345^2022_09_27_10_46_16^^,0.957,118.0,1,0
SS22-61345^2022_09_27_10_46_24^^,0.864,118.0,1,0
SS22-61345^2022_09_27_10_48_59^^,1.085,111.0,1,0
SS22-61497^2022_09_27_10_59_28^^,0.452,,0,0
SS22-61713^2022_09_28_10_10_24^^,0.414,,0,0
SS22-61802^2022_09_29_09_31_23^^,0.727,20.0,1,0
SS22-61825^2022_09_28_14_11_56^^,0.384,,0,0
SS22-62040^2022_09_29_09_18_21^^,0.684,,1,0
SS22-62150^2022_09_29_13_29_59^^,0.401,,0,0
SS22-63090^2022_10_05_10_03_14^^,0.392,,0,0
SS22-64192^2022_10_12_10_33_16^^,0.849,51.0,1,0
SS22-64192^2022_10_12_10_33_35^^,0.842,51.0,1,0
SS22-64192^2022_10_12_10_44_36^^,1.034,49.0,1,0
SS22-64386^2022_10_12_09_37_32^^,0.813,103.0,1,0
SS22-65598^2022_10_17_15_03_43^^,1.298,62.0,1,0
SS22-65598^2022_10_17_15_03_56^^,1.266,,1,0
SS22-65598^2022_10_17_15_04_04^^,0.716,62.0,1,0
SS22-65598^2022_10_18_08_38_40^^,0.884,67.0,1,0
SS22-65598^2022_10_18_08_38_46^^,0.895,67.0,1,0
SS22-65598^2022_10_18_11_40_48^^,0.883,41.0,1,0
SS22-65598^2022_10_18_11_40_52^^,0.894,41.0,1,0
SS23-00174^2023_01_03_09_10_19^^,0.932,127.0,1,0
SS23-00396^2023_01_03_14_12_15^^,1.074,64.0,1,0
SS23-00396^2023_01_04_08_26_45^^,0.82,52.0,1,0
SS23-00396^2023_01_04_09_35_01^^,0.778,74.0,1,0
SS23-00652^2023_01_05_08_42_28^^,0.271,235.0,0,0
SS23-00652^2023_01_05_08_43_04^^,0.258,,0,0
SS23-00746^2023_01_04_13_40_21^^,0.439,,0,0
SS23-00969^2023_01_05_09_19_52^^,0.437,,0,0
SS23-01084^2023_01_06_08_44_05^^,0.665,,1,0
SS23-01344^2023_01_09_09_22_29^^,0.478,,0,0
SS23-01367^2023_01_06_11_05_33^^,1.185,35.0,1,0
SS23-01367^2023_01_09_08_29_51^^,0.779,37.0,1,0
SS23-01367^2023_01_09_09_39_57^^,0.828,56.0,1,0
SS23-01372^2023_01_06_17_17_52^^,0.915,52.0,1,0
SS23-01372^2023_01_09_08_36_07^^,0.75,49.0,1,0
SS23-01372^2023_01_09_09_50_54^^,0.423,,0,0
SS23-02064^2023_01_10_11_43_33^^,0.716,,1,0
SS23-02171^2023_01_10_14_41_25^^,1.147,65.0,1,0
SS23-02171^2023_01_10_14_41_43^^,1.24,65.0,1,0
SS23-02171^2023_01_10_14_52_52^^,0.997,,1,0
SS23-02171^2023_01_10_14_59_21^^,1.089,54.0,1,0
SS23-02552^2023_01_11_13_57_54^^,1.321,127.0,1,0
SS23-02557^2023_01_12_09_10_21^^,0.904,82.0,1,0
SS23-02971^2023_01_12_14_32_10^^,0.528,,1,0
SS23-03398^2023_01_16_11_26_59^^,1.039,,1,0
SS23-03398^2023_01_16_11_27_20^^,1.026,,1,0
SS23-03398^2023_01_16_11_27_27^^,0.726,24.0,1,0
SS23-03398^2023_01_17_08_25_24^^,0.84,34.0,1,0
SS23-03398^2023_01_17_08_25_33^^,0.729,34.0,1,0
SS23-03398^2023_01_17_11_05_15^^,0.977,,1,0
SS23-03398^2023_01_17_11_05_15^^^copy,0.98,,1,0
SS23-03944^2023_01_17_11_05_43^^,0.384,,0,0
SS23-03953^2023_01_18_08_52_28^^,0.306,,0,0
SS23-04402^2023_01_18_14_39_12^^,1.471,53.0,1,0
SS23-04402^2023_01_18_14_39_20^^,1.28,53.0,1,0
SS23-04402^2023_01_18_14_54_04^^,1.148,20.0,1,0
SS23-04472^2023_01_19_11_13_31^^,1.205,44.0,1,0
SS23-04472^2023_01_20_08_31_18^^,0.765,44.0,1,0
SS23-04472^2023_01_20_10_22_11^^,1.062,127.0,1,0
SS23-04505^2023_01_19_10_29_57^^,1.241,72.0,1,0
SS23-04567^2023_01_19_11_07_22^^,0.647,48.0,1,0
SS23-04567^2023_01_19_11_07_29^^,0.897,48.0,1,0
SS23-04567^2023_01_19_11_19_46^^,0.903,51.0,1,0
SS23-04567^2023_01_19_11_23_50^^,0.885,69.0,1,0
SS23-04694^2023_01_19_10_07_19^^,0.246,,0,0
SS23-04923^2023_01_20_10_21_22^^,0.377,,0,0
SS23-05395^2023_01_26_08_44_03^^,0.298,,0,0
SS23-05407^2023_01_25_13_47_55^^,0.356,,0,0
SS23-05415^2023_01_26_08_44_43^^,0.387,,0,0
SS23-05544^2023_01_27_08_57_38^^,0.545,,1,0
SS23-05583^2023_01_27_09_11_41^^,0.348,,0,0
SS23-06424^2023_01_30_14_26_56^^,1.047,,1,0
SS23-06516^2023_01_31_14_12_34^^,1.165,27.0,1,0
SS23-06516^2023_01_31_14_12_50^^,0.796,27.0,1,0
SS23-06516^2023_02_01_08_43_32^^,0.887,40.0,1,0
SS23-06516^2023_02_01_08_43_49^^,0.927,38.0,1,0
SS23-06516^2023_02_01_10_42_04^^,0.71,41.0,1,0
SS23-06730^2023_01_31_11_28_54^^,0.815,39.0,1,0
SS23-06730^2023_01_31_11_29_03^^,0.747,44.0,1,0
SS23-06730^2023_02_01_08_50_58^^,0.779,44.0,1,0
SS23-06730^2023_02_01_08_51_08^^,1.001,44.0,1,0
SS23-06730^2023_02_01_09_28_33^^,0.951,74.0,1,0
SS23-07074^2023_02_02_10_35_27^^,0.48,,0,0
SS23-07074^2023_02_02_10_40_56^^,0.408,,0,0
SS23-07074^2023_02_02_10_42_36^^,0.555,,1,0
SS23-07074^2023_02_02_10_46_01^^,0.54,,1,0
SS23-07158^2023_02_02_11_02_18^^,0.465,,0,0
SS23-07199^2023_02_02_10_54_11^^,1.293,127.0,1,0
SS23-07352^2023_02_02_10_16_29^^,0.422,,0,0
SS23-07414^2023_02_03_09_03_04^^,0.495,,0,0
SS23-07425^2023_02_02_15_47_14^^,0.566,,1,0
SS23-07514^2023_02_02_13_46_57^^,0.51,,0,0
SS23-07781^2023_02_03_12_47_07^^,0.66,,1,0
SS23-07781^2023_02_03_12_47_27^^,0.707,,1,0
SS23-07781^2023_02_03_12_55_56^^,1.177,40.0,1,0
SS23-07781^2023_02_03_13_06_21^^,1.103,48.0,1,0
SS23-08467^2023_02_07_15_11_56^^,0.78,44.0,1,0
SS23-08467^2023_02_07_15_12_14^^,1.209,44.0,1,0
SS23-08467^2023_02_08_08_26_57^^,0.857,40.0,1,0
SS23-08467^2023_02_08_08_27_35^^,0.879,40.0,1,0
SS23-08512^2023_02_07_13_54_52^^,0.402,,0,0
SS23-08771^2023_02_08_10_02_56^^,0.386,,0,0
SS23-08978^2023-02-08_13-36-17,0.391,,0,0
SS23-09124^2023_02_09_08_52_02^^,0.537,,1,0
SS23-09606^2023_02_10_10_58_15^^,1.167,,1,0
SS23-09606^2023_02_10_10_58_21^^,0.821,,1,0
SS23-09606^2023_02_13_08_39_34^^,0.804,,1,0
SS23-09606^2023_02_13_08_39_41^^,0.953,44.0,1,0
SS23-09606^2023_02_13_14_32_38^^,0.676,54.0,1,0
SS23-10014^2023_02_13_11_26_10^^,0.88,,1,0
SS23-10133^2023_02_14_10_07_01^^,0.892,32.0,1,0
SS23-10133^2023_02_15_08_39_47^^,0.841,36.0,1,0
SS23-10133^2023_02_15_08_50_44^^,0.839,63.0,1,0
SS23-10330^2023_02_14_11_19_46^^,0.862,37.0,1,0
SS23-10330^2023_02_15_08_25_13^^,0.775,33.0,1,0
SS23-10330^2023_02_15_09_34_01^^,1.246,127.0,1,0
SS23-10441^2023_02_14_14_34_49^^,1.121,38.0,1,0
SS23-10441^2023_02_14_14_37_01^^,0.753,,1,0
SS23-10460^2023_02_14_14_37_38^^,1.153,44.0,1,0
SS23-10460^2023_02_15_08_29_43^^,1.052,49.0,1,0
SS23-10460^2023_02_15_09_02_36^^,0.819,127.0,1,0
SS23-10460^2023_02_15_09_02_45^^,1.014,127.0,1,0
SS23-10657^2023_02_15_10_11_18^^,1.129,127.0,1,0
SS23-10803^2023_02_15_13_39_54^^,0.392,,0,0
SS23-10985^2023_02_16_09_46_50^^,0.558,,1,0
SS23-11000^2023_02_16_10_12_07^^,0.647,,1,0
SS23-11074^2023_02_16_09_44_38^^,1.15,33.0,1,0
SS23-11074^2023_02_16_09_44_45^^,1.136,,1,0
SS23-11074^2023_02_17_08_29_36^^,0.804,48.0,1,0
SS23-11831^2023_02_20_10_48_30^^,0.755,,1,0
SS23-11831^2023_02_20_10_49_45^^,0.804,39.0,1,0
SS23-11831^2023_02_20_10_52_53^^,0.698,82.0,1,0
SS23-11831^2023_02_20_10_52_58^^,0.81,82.0,1,0
SS23-11831^2023_02_21_08_27_04^^,1.048,39.0,1,0
SS23-11831^2023_02_21_08_27_22^^,1.039,39.0,1,0
SS23-11831^2023_02_21_08_27_39^^,0.646,70.0,1,0
SS23-11831^2023_02_21_08_27_45^^,0.717,70.0,1,0
SS23-11903^2023_02_20_13_28_09^^,0.576,,1,0
SS23-11903^2023_02_20_13_30_19^^,0.544,,1,0
SS23-12031^2023_02_21_09_30_37^^,0.561,,1,0
SS23-12335^2023_02_21_14_38_52^^,1.097,23.0,1,0
SS23-12335^2023_02_22_08_28_48^^,1.031,34.0,1,0
SS23-12335^2023_02_22_10_03_49^^,0.977,54.0,1,0
SS23-12335^2023_02_22_10_04_16^^,0.862,54.0,1,0
SS23-12521^2023_02_23_09_09_11^^,0.54,,1,0
SS23-12589^2023_02_22_14_12_58^^,0.423,,0,0
SS23-12712^2023_02_22_13_28_17^^,0.435,,0,0
SS23-12862^2023_02_23_14_15_28^^,0.376,,0,0
SS23-12955^2023-02-23_11-20-16,0.924,44.0,1,0
SS23-12955^2023_02_23_10_55_18^^,0.735,,1,0
SS23-12955^2023_02_23_10_55_24^^,0.94,45.0,1,0
SS23-12955^2023_02_23_10_55_39^^,1.079,,1,0
SS23-12955^2023_02_24_08_31_53^^,0.846,46.0,1,0
SS23-12955^2023_02_24_09_42_26^^,0.442,,0,0
SS23-12955^2023_02_24_09_44_58^^,0.772,111.0,1,0
SS23-12958^2023_02_23_09_42_17^^,0.971,33.0,1,0
SS23-12958^2023_02_23_09_42_23^^,0.844,,1,0
SS23-12958^2023_02_24_08_33_48^^,0.953,44.0,1,0
SS23-12958^2023_02_24_08_33_53^^,0.759,44.0,1,0
SS23-13045^2023_02_23_14_12_06^^,1.104,127.0,1,0
SS23-13306^2023_02_24_10_50_04^^,0.412,,0,0
SS23-13736^2023_02_27_13_36_08^^,0.563,,1,0
SS23-13877^2023_02_28_08_50_24^^,0.535,,1,0
SS23-13912^2023_02_28_09_24_01^^,0.553,,1,0
SS23-14360^2023_03_03_08_41_58^^,0.966,44.0,1,0
SS23-14360^2023_03_03_08_42_06^^,0.876,44.0,1,0
SS23-14360^2023_03_03_08_48_51^^,0.755,85.0,1,0
SS23-14951^2023_03_07_15_22_52^^,1.501,128.0,1,0
SS23-15298^2023_03_08_10_27_10^^,1.09,36.0,1,0
SS23-15298^2023_03_08_10_27_24^^,0.928,,1,0
SS23-15298^2023_03_08_10_36_05^^,1.405,108.0,1,0
SS23-15298^2023_03_08_10_36_18^^,1.105,108.0,1,0
SS23-15383^2023_03_08_09_57_07^^,0.366,,0,0
SS23-15491^2023_03_08_16_34_28^^,1.106,101.0,1,0
SS23-15624^2023_03_09_09_51_36^^,0.44,,0,0
SS23-15735^2023_03_09_11_09_41^^,1.223,24.0,1,0
SS23-15735^2023_03_10_08_25_45^^,1.0,39.0,1,0
SS23-15735^2023_03_10_09_54_59^^,1.245,,1,0
SS23-15735^2023_03_10_10_08_48^^,0.353,,0,0
SS23-16723^2023_03_14_10_13_25^^,0.352,,0,0
SS23-16723^2023_03_14_10_13_32^^,0.358,,0,0
SS23-16825^2023_03_14_13_29_45^^,0.535,,1,0
SS23-17506^2023_03_16_17_10_54^^,0.371,,0,0
SS23-17887^2023_03_20_14_52_19^^,0.621,,1,0
SS23-18027^2023_03_20_10_59_20^^,1.096,127.0,1,0
SS23-18073^2023_03_20_13_30_28^^,0.875,27.0,1,0
SS23-18073^2023_03_20_13_30_42^^,0.914,35.0,1,0
SS23-18073^2023_03_21_08_34_42^^,0.924,33.0,1,0
SS23-18073^2023_03_21_08_36_21^^,0.915,,1,0
SS23-18073^2023_03_21_10_06_40^^,1.012,,1,0
SS23-18073^2023_03_21_10_07_05^^,1.036,63.0,1,0
SS23-18073^2023_03_21_10_13_45^^,0.984,99.0,1,0
SS23-18116^2023_03_21_14_05_37^^,1.087,84.0,1,0
SS23-18116^2023_03_21_14_05_47^^,1.104,,1,0
SS23-18116^2023_03_22_08_37_43^^,0.845,,1,0
SS23-18116^2023_03_22_08_37_52^^,0.984,30.0,1,0
SS23-18116^2023_03_22_11_11_37^^,1.42,,1,0
SS23-18311^2023_03_22_08_49_00^^,0.365,,0,0
SS23-18331^2023_03_22_08_47_30^^,1.248,126.0,1,0
SS23-18798^2023_03_22_13_28_58^^,0.357,,0,0
SS23-18920^2023_03_23_08_51_08^^,1.366,128.0,1,0
SS23-19039^2023_03_23_10_22_41^^,0.585,,1,0
SS23-19048^2023_03_23_14_06_24^^,0.805,22.0,1,0
SS23-19048^2023_03_23_14_08_12^^,0.773,,1,0
SS23-19048^2023_03_23_14_21_11^^,0.906,50.0,1,0
SS23-19048^2023_03_23_14_21_40^^,0.96,50.0,1,0
SS23-19048^2023_03_24_13_42_23^^,1.153,22.0,1,0
SS23-19048^2023_03_24_13_56_20^^,0.881,28.0,1,0
SS23-19048^2023_03_24_14_07_14^^,0.804,31.0,1,0
SS23-19048^2023_03_24_14_26_01^^,0.966,34.0,1,0
SS23-19048^2023_03_24_14_41_39^^,0.899,44.0,1,0
SS23-19057^2023_03_23_10_27_24^^,0.581,,1,0
SS23-19128^2023_03_23_18_18_24^^,0.857,119.0,1,0
SS23-19381^2023_03_24_10_46_41^^,1.038,39.0,1,0
SS23-19381^2023_03_24_10_46_53^^,0.981,,1,0
SS23-19381^2023_03_24_10_53_36^^,0.914,77.0,1,0
SS23-19732^2023_03_27_13_42_39^^,0.354,,0,0
SS23-19744^2023_03_27_13_24_23^^,0.484,,0,0
SS23-19770^2023_03_27_15_33_38^^,0.847,45.0,1,0
SS23-19770^2023_03_27_15_33_45^^,0.942,,1,0
SS23-19770^2023_03_28_08_26_47^^,0.743,44.0,1,0
SS23-19770^2023_03_28_08_26_58^^,0.67,44.0,1,0
SS23-19773^2023_03_27_14_20_26^^,0.973,44.0,1,0
SS23-19773^2023_03_27_14_20_49^^,0.799,44.0,1,0
SS23-19773^2023_03_28_08_31_17^^,0.771,42.0,1,0
SS23-19773^2023_03_28_08_31_24^^,0.745,42.0,1,0
SS23-19773^2023_03_28_10_52_41^^,0.695,50.0,1,0
SS23-19773^2023_03_28_10_53_03^^,0.621,,1,0
SS23-20033^2023_03_28_10_50_10^^,0.495,,0,0
SS23-20035^2023_03_28_14_17_32^^,1.149,127.0,1,0
SS23-20105^2023_03_28_13_51_48^^,0.814,,1,0
SS23-20105^2023_03_29_08_27_29^^,0.977,,1,0
SS23-20105^2023_03_29_09_10_24^^,0.348,,0,0
SS23-20290^2023_03_29_10_19_23^^,0.358,,0,0
SS23-20426^2023_03_29_11_33_13^^,0.449,,0,0
SS23-20445^2023_03_29_14_52_24^^,0.507,,0,0
SS23-20686^2023_03_30_10_13_06^^,0.478,,0,0
SS23-21082^2023_03_31_13_56_17^^,0.71,40.0,1,0
SS23-21082^2023_03_31_13_56_22^^,0.713,34.0,1,0
SS23-21082^2023_03_31_14_02_52^^,0.727,51.0,1,0
SS23-21082^2023_03_31_14_03_22^^,0.839,85.0,1,0
SS23-21082^2023_04_03_08_30_08^^,0.806,,1,0
SS23-21082^2023_04_03_09_04_00^^,0.854,94.0,1,0
SS23-21408^2023_04_03_13_34_19^^,0.846,54.0,1,0
SS23-21408^2023_04_03_13_34_30^^,0.632,54.0,1,0
SS23-21408^2023_04_03_13_45_18^^,1.075,109.0,1,0
SS23-21478^2023_04_04_09_25_01^^,0.964,127.0,1,0
SS23-21685^2023_04_04_10_25_03^^,0.998,114.0,1,0
SS23-21687^2023_04_04_10_26_23^^,1.083,51.0,1,0
SS23-21687^2023_04_04_10_26_32^^,1.1,51.0,1,0
SS23-21687^2023_04_04_10_35_55^^,1.301,52.0,1,0
SS23-21687^2023_04_04_10_43_02^^,1.298,21.0,1,0
SS23-21733^2023_04_04_11_08_11^^,1.16,,1,0
SS23-21733^2023_04_04_11_08_20^^,0.827,40.0,1,0
SS23-21733^2023_04_04_11_12_14^^,0.933,82.0,1,0
SS23-21889^2023_04_05_10_09_33^^,0.818,48.0,1,0
SS23-21889^2023_04_05_10_09_48^^,0.669,27.0,1,0
SS23-21954^2023_04_05_09_38_42^^,0.548,,1,0
SS23-22176^2023_04_05_14_41_27^^,0.407,,0,0
SS23-22386^2023_04_06_10_12_33^^,0.385,,0,0
SS23-22451^2023_04_06_11_15_27^^,0.487,,0,0
SS23-22616^2023-04-07_10-16-16,0.891,67.0,1,0
SS23-22616^2023_04_10_08_35_15^^,0.663,59.0,1,0
SS23-22965^2023_04_10_10_17_59^^,0.446,,0,0
SS23-23148^2023_04_10_14_14_06^^,0.538,,1,0
SS23-23412^2023_04_11_09_56_05^^,1.111,106.0,1,0
SS23-23412^2023_04_11_09_56_13^^,1.03,106.0,1,0
SS23-23412^2023_04_11_09_59_15^^,0.363,,0,0
SS23-23492^2023_04_11_17_00_56^^,0.879,21.0,1,0
SS23-23492^2023_04_11_17_01_01^^,1.033,42.0,1,0
SS23-23492^2023_04_12_13_37_06^^,1.257,,1,0
SS23-23492^2023_04_12_13_47_07^^,1.157,120.0,1,0
SS23-23845^2023_04_12_17_16_45^^,0.432,,0,0
SS23-23874^2023_04_12_13_32_33^^,0.486,,0,0
SS23-24065^2023_04_13_16_46_40^^,0.426,,0,0
SS23-25087^2023_04_18_15_21_33^^,0.918,118.0,1,0
SS23-25156^2023_04_18_13_35_41^^,0.714,49.0,1,0
SS23-25156^2023_04_18_13_35_50^^,1.034,,1,0
SS23-25156^2023_04_18_13_53_57^^,1.247,53.0,1,0
SS23-25419^2023_04_19_08_42_02^^,0.868,,1,0
SS23-25554^2023_04_20_13_54_46^^,0.379,,0,0
SS23-25752^2023_04_20_10_13_01^^,1.375,128.0,1,0
SS23-25816^2023_04_20_16_34_42^^,0.416,,0,0
SS23-25902^2023_04_21_10_02_48^^,0.656,59.0,1,0
SS23-25902^2023_04_21_10_02_59^^,0.96,59.0,1,0
SS23-25902^2023_04_21_10_03_43^^,0.925,84.0,1,0
SS23-25902^2023_04_21_12_42_55^^,0.361,,0,0
SS23-26437^2023_04_24_14_06_10^^,0.77,28.0,1,0
SS23-26437^2023_04_24_14_06_17^^,0.886,,1,0
SS23-26437^2023_04_24_15_52_08^^,0.771,30.0,1,0
SS23-26437^2023_04_24_15_52_24^^,0.654,29.0,1,0
SS23-26437^2023_04_24_16_03_01^^,1.094,74.0,1,0
SS23-26437^2023_04_25_08_29_46^^,0.92,44.0,1,0
SS23-26437^2023_04_25_08_46_39^^,0.74,71.0,1,0
SS23-26437^2023_04_25_08_46_39^^^copy,0.755,71.0,1,0
SS23-26437^2023_04_25_08_46_53^^,0.725,67.0,1,0
SS23-26437^2023_04_25_08_46_53^^^copy,0.742,67.0,1,0
SS23-26437^2023_04_25_08_47_09^^,0.843,51.0,1,0
SS23-26437^2023_04_25_08_47_23^^,0.812,,1,0
SS23-26700^2023_04_25_10_59_58^^,1.226,,1,0
SS23-26700^2023_04_25_11_00_15^^,1.138,48.0,1,0
SS23-26700^2023_04_26_08_22_17^^,0.857,20.0,1,0
SS23-26700^2023_04_26_08_22_17^^^copy,0.869,28.0,1,0
SS23-26700^2023_04_26_08_22_38^^,0.937,21.0,1,0
SS23-26711^2023_04_25_09_37_43^^,0.55,,1,0
SS23-26714^2023_04_25_09_11_02^^,1.013,36.0,1,0
SS23-26714^2023_04_26_08_30_14^^,0.795,36.0,1,0
SS23-26714^2023_04_26_08_40_49^^,0.72,102.0,1,0
SS23-26796^2023_04_25_13_30_59^^,1.358,37.0,1,0
SS23-26796^2023_04_25_13_31_09^^,0.865,37.0,1,0
SS23-26796^2023_04_26_08_26_26^^,1.067,34.0,1,0
SS23-26796^2023_04_26_08_26_35^^,0.956,,1,0
SS23-26796^2023_04_26_09_44_06^^,1.009,127.0,1,0
SS23-26796^2023_04_26_09_44_29^^,0.943,127.0,1,0
SS23-26796^2023_04_26_09_44_38^^,0.909,127.0,1,0
SS23-26796^2023_04_28_16_15_41^^,0.845,73.0,1,0
SS23-26816^2023_04_25_14_19_30^^,0.987,40.0,1,0
SS23-26816^2023_04_26_08_21_26^^,0.982,,1,0
SS23-26816^2023_04_26_09_18_05^^,0.816,62.0,1,0
SS23-27135^2023_04_26_15_13_43^^,0.37,,0,0
SS23-27177^2023_04_27_10_39_26^^,0.589,,1,0
SS23-27460^2023_04_28_10_03_29^^,0.805,127.0,1,0
SS23-27464^2023_04_27_15_12_32^^,0.409,,0,0
SS23-27464^2023_04_27_15_12_40^^,0.41,,0,0
SS23-28298^2023_05_03_11_26_53^^,0.613,,1,0
SS23-28356^2023_05_03_11_10_24^^,0.506,,0,0
SS23-28375^2023_05_03_13_31_58^^,0.412,,0,0
SS23-28637^2023_05_04_09_56_18^^,0.539,,1,0
SS23-28644^2023_05_04_10_03_35^^,0.37,,0,0
SS23-29110^2023_05_08_13_41_26^^,0.404,,0,0
SS23-29266^2023_05_09_08_40_58^^,0.421,,0,0
SS23-29266^2023_05_09_08_48_31^^,0.398,,0,0
SS23-29381^2023_05_09_09_06_36^^,0.617,,1,0
SS23-29459^2023_05_09_13_30_27^^,1.239,,1,0
SS23-29459^2023_05_09_13_30_39^^,0.742,33.0,1,0
SS23-29459^2023_05_10_08_30_02^^,1.282,41.0,1,0
SS23-29459^2023_05_10_12_20_00^^,1.14,46.0,1,0
SS23-29459^2023_05_10_12_21_44^^,1.076,70.0,1,0
SS23-29824^2023_05_10_13_34_34^^,0.984,56.0,1,0
SS23-29824^2023_05_10_13_34_43^^,1.145,56.0,1,0
SS23-29824^2023_05_10_13_45_18^^,1.132,46.0,1,0
SS23-29824^2023_05_10_13_53_08^^,1.218,44.0,1,0
SS23-29926^2023_05_11_08_40_00^^,0.427,,0,0
SS23-29991^2023_05_11_08_44_43^^,0.935,128.0,1,0
SS23-29994^2023_05_11_09_04_58^^,1.014,109.0,1,0
SS23-29994^2023_05_11_09_05_03^^,0.855,109.0,1,0
SS23-29994^2023_05_11_09_09_27^^,1.141,,1,0
SS23-30176^2023_05_11_11_01_09^^,0.536,,1,0
SS23-31117^2023_05_16_10_08_05^^,0.462,,0,0
SS23-31214^2023_05_16_15_21_03^^,0.924,,1,0
SS23-31214^2023_05_16_15_21_18^^,0.838,,1,0
SS23-31214^2023_05_16_15_28_05^^,1.482,,1,0
SS23-31214^2023_05_17_08_21_23^^,1.252,,1,0
SS23-31214^2023_05_17_08_31_42^^,1.446,,1,0
SS23-31214^2023_05_17_08_31_42^^^copy,1.437,,1,0
SS23-31214^2023_05_17_08_32_38^^,1.333,44.0,1,0
SS23-31214^2023_05_17_08_32_38^^^copy,1.31,44.0,1,0
SS23-31582^2023_05_17_13_23_31^^,0.585,,1,0
SS23-31586^2023_05_17_13_23_12^^,0.402,,0,0
SS23-31586^2023_05_17_13_50_38^^,0.961,,1,0
SS23-31586^2023_05_17_13_50_45^^,1.226,56.0,1,0
SS23-31613^2023_05_17_14_25_21^^,0.984,105.0,1,0
SS23-31616^2023_05_17_14_02_44^^,0.603,,1,0
SS23-31867^2023_05_18_11_13_18^^,0.92,51.0,1,0
SS23-31867^2023_05_18_11_13_23^^,0.81,50.0,1,0
SS23-31867^2023_05_18_13_26_47^^,1.269,,1,0
SS23-31867^2023_05_18_13_26_53^^,1.121,67.0,1,0
SS23-31867^2023_05_19_08_28_03^^,1.033,56.0,1,0
SS23-31867^2023_05_19_08_28_15^^,1.102,56.0,1,0
SS23-31867^2023_05_19_10_23_50^^,1.034,49.0,1,0
SS23-31972^2023_05_18_13_47_37^^,0.505,,0,0
SS23-32243^2023_05_19_09_05_29^^,0.408,36.0,0,0
SS23-32609^2023_05_22_11_10_41^^,0.982,49.0,1,0
SS23-32609^2023_05_22_11_10_50^^,0.786,49.0,1,0
SS23-32609^2023_05_22_16_58_43^^,0.912,50.0,1,0
SS23-32609^2023_05_22_16_58_59^^,0.943,,1,0
SS23-32609^2023_05_23_08_36_09^^,0.709,68.0,1,0
SS23-32609^2023_05_23_08_36_24^^,0.407,,0,0
SS23-32712^2023_05_23_09_00_32^^,0.79,,1,0
SS23-32712^2023_05_23_09_00_41^^,0.63,,1,0
SS23-32712^2023_05_23_11_18_36^^,1.07,,1,0
SS23-32779^2023_05_23_08_49_27^^,0.609,,1,0
SS23-32996^2023_05_23_13_32_54^^,1.038,36.0,1,0
SS23-32996^2023_05_24_07_58_15^^,0.921,40.0,1,0
SS23-32996^2023_05_24_09_56_41^^,1.08,123.0,1,0
SS23-33273^2023_05_24_11_23_27^^,0.862,72.0,1,0
SS23-33273^2023_05_24_11_23_37^^,0.623,72.0,1,0
SS23-33273^2023_05_25_14_43_41^^,1.136,44.0,1,0
SS23-33273^2023_05_25_14_43_46^^,0.94,44.0,1,0
SS23-33273^2023_05_25_14_47_12^^,0.371,,0,0
SS23-33273^2023_05_25_14_47_28^^,1.091,108.0,1,0
SS23-33273^2023_05_25_14_47_30^^,1.095,108.0,1,0
SS23-33352^2023_05_24_11_11_56^^,0.394,,0,0
SS23-33498^2023_05_25_09_38_13^^,1.107,95.0,1,0
SS23-33498^2023_05_25_09_47_34^^,1.31,98.0,1,0
SS23-33616^2023_05_25_09_19_33^^,1.294,127.0,1,0
SS23-33618^2023_05_25_09_20_04^^,0.586,,1,0
SS23-33727^2023_05_25_15_55_06^^,1.365,40.0,1,0
SS23-33727^2023_05_25_15_55_21^^,1.026,,1,0
SS23-33727^2023_05_26_08_34_53^^,1.016,42.0,1,0
SS23-33727^2023_05_26_08_35_00^^,0.843,42.0,1,0
SS23-33727^2023_05_26_11_58_29^^,1.002,43.0,1,0
SS23-33727^2023_05_26_11_58_37^^,0.827,27.0,1,0
SS23-33727^2023_05_26_12_03_45^^,1.347,61.0,1,0
SS23-33727^2023_05_26_12_03_45^^^copy,1.345,61.0,1,0
SS23-34263^2023_05_30_10_30_16^^,0.611,,1,0
SS23-34464^2023_05_30_13_48_21^^,0.411,,0,0
SS23-35181^2023_06_01_11_12_31^^,0.598,,1,0
SS23-35499^2023_06_02_15_46_44^^,1.16,38.0,1,0
SS23-35499^2023_06_02_15_46_52^^,1.114,,1,0
SS23-35499^2023_06_02_15_56_15^^,1.14,,1,0
SS23-35499^2023_06_02_15_56_27^^,0.718,38.0,1,0
SS23-35927^2023_06_05_14_07_51^^,0.987,127.0,1,0
SS23-36261^2023_06_07_14_47_49^^,1.091,35.0,1,0
SS23-36261^2023_06_07_14_48_01^^,0.721,35.0,1,0
SS23-36261^2023_06_08_08_28_51^^,1.196,,1,0
SS23-36261^2023_06_08_08_29_04^^,0.924,,1,0
SS23-36261^2023_06_08_10_51_33^^,1.077,45.0,1,0
SS23-36357^2023_06_08_09_33_06^^,0.383,,0,0
SS23-36427^2023_06_08_09_10_25^^,0.432,,0,0
SS23-36553^2023_06_08_09_06_16^^,0.615,,1,0
SS23-36971^2023_06_09_14_27_41^^,0.458,,0,0
SS23-37222^2023_06_12_09_24_18^^,0.42,,0,0
SS23-37732^2023_06_13_13_20_51^^,0.495,,0,0
SS23-38204^2023_06_15_08_49_56^^,0.995,100.0,1,0
SS23-39153^2023_06_19_14_37_12^^,0.854,40.0,1,0
SS23-39153^2023_06_19_14_42_55^^,0.839,128.0,1,0
SS23-39233^2023_06_20_09_38_14^^,0.44,,0,0
SS23-39236^2023_06_20_08_37_12^^,1.066,127.0,1,0
SS23-39414^2023_06_20_09_56_25^^,0.553,,1,0
SS23-39945^2023-06-21_14-01-48,0.404,,0,0
SS23-40157^2023_06_22_08_39_01^^,1.041,119.0,1,0
SS23-40699^2023_06_26_09_11_02^^,0.617,,1,0
SS23-40894^2023_06_26_10_06_26^^,1.015,128.0,1,0
SS23-41275^2023_06_27_11_01_48^^,0.392,,0,0
SS23-41285^2023_06_27_10_16_25^^,1.11,119.0,1,0
SS23-41361^2023_06_27_13_27_10^^,0.94,54.0,1,0
SS23-41361^2023_06_27_13_33_00^^,0.389,,0,0
SS23-41361^2023_06_27_13_33_28^^,0.845,48.0,1,0
SS23-41560^2023_06_28_08_39_07^^,0.577,,1,0
SS23-41643^2023_06_28_09_25_48^^,0.439,,0,0
SS23-41668^2023_06_28_12_52_03^^,0.799,60.0,1,0
SS23-41668^2023_06_29_08_31_16^^,0.812,58.0,1,0
SS23-41668^2023_07_03_11_34_05^^,0.829,45.0,1,0
SS23-41668^2023_07_03_11_34_05^^^copy,0.837,45.0,1,0
SS23-41668^2023_07_03_11_35_38^^,0.744,59.0,1,0
SS23-41668^2023_07_03_11_35_38^^^copy,0.795,59.0,1,0
SS23-41668^2023_07_03_11_35_58^^,0.774,59.0,1,0
SS23-41747^2023_06_28_13_22_04^^,0.415,,0,0
SS23-42017^2023_06_29_10_58_47^^,0.848,32.0,1,0
SS23-42017^2023_06_29_10_58_55^^,0.676,32.0,1,0
SS23-42017^2023_06_30_08_30_40^^,0.949,,1,0
SS23-42017^2023_06_30_08_30_45^^,0.727,39.0,1,0
SS23-42017^2023_06_30_11_41_18^^,0.691,35.0,1,0
SS23-42017^2023_06_30_11_41_31^^,0.709,,1,0
SS23-42412^2023_06_30_10_03_21^^,0.719,,1,0
SS23-42644^2023_07_03_10_03_16^^,1.198,128.0,1,0
SS23-42989^2023_07_04_10_05_50^^,1.345,127.0,1,0
SS23-43051^2023_07_04_09_18_28^^,0.933,126.0,1,0
SS23-43115^2023_07_04_09_11_14^^,0.436,,0,0
SS23-43135^2023_07_04_10_51_47^^,0.423,,0,0
SS23-43212^2023_07_04_14_06_26^^,0.832,128.0,1,0
SS23-43583^2023_07_05_11_22_39^^,1.076,128.0,1,0
SS23-43651^2023_07_06_08_53_52^^,1.127,124.0,1,0
SS23-45025^2023_07_11_15_26_05^^,1.007,41.0,1,0
SS23-45025^2023_07_11_15_29_53^^,1.375,64.0,1,0
SS23-45119^2023_07_11_13_37_57^^,0.448,,0,0
SS23-45428^2023_07_12_11_38_15^^,0.618,,1,0
SS23-45516^2023_07_12_13_22_41^^,0.57,,1,0
SS23-45795^2023_07_13_09_00_03^^,1.016,118.0,1,0
SS23-45895^2023_07_13_15_38_32^^,0.594,,1,0
SS23-46421^2023_07_17_10_46_56^^,0.453,,0,0
SS23-46759^2023_07_18_08_44_21^^,0.438,,0,0
SS23-46980^2023_07_18_11_20_22^^,0.484,,0,0
SS23-47369^2023_07_19_10_57_47^^,0.452,,0,0
SS23-47397^2023_07_19_14_19_45^^,0.894,39.0,1,0
SS23-47397^2023_07_19_14_23_49^^,0.91,,1,0
SS23-47397^2023_07_19_14_23_49^^^copy,0.934,,1,0
SS23-48472^2023_07_24_13_24_48^^,0.903,38.0,1,0
SS23-48472^2023_07_24_13_24_59^^,0.855,38.0,1,0
SS23-48472^2023_07_24_13_29_36^^,0.913,99.0,1,0
SS23-49132^2023_07_26_10_47_54^^,0.793,51.0,1,0
SS23-49193^2023_07_26_11_01_05^^,0.419,,0,0
SS23-49481^2023_07_27_11_51_58^^,0.857,42.0,1,0
SS23-49481^2023_07_27_11_51_58^^^copy,0.861,42.0,1,0
SS23-49487^2023_07_27_09_19_35^password1!^,1.387,51.0,1,0
SS23-49487^2023_07_27_09_23_13^password1!^,0.949,97.0,1,0
SS23-49582^2023_07_27_13_43_50^^,0.942,50.0,1,0
SS23-49582^2023_07_28_08_01_49^^,0.833,51.0,1,0
SS23-49582^2023_07_28_09_14_37^^,0.693,124.0,1,0
SS23-50232^2023_07_31_13_46_48^^,0.596,45.0,1,0
SS23-50258^2023_07_31_14_08_16^^,0.87,46.0,1,0
SS23-50258^2023_07_31_14_08_31^^,0.603,46.0,1,0
SS23-50258^2023_07_31_14_10_56^^,0.974,,1,0
SS23-50258^2023_07_31_14_14_44^^,0.838,100.0,1,0
SS23-51080^2023-08-03_09-09-23,0.436,,0,0
SS23-51614^2023_08_04_10_02_35^^,0.46,,0,0
SS23-52143^2023_08_08_08_52_06^^,0.573,,1,0
SS23-52347^2023_08_08_16_45_34^^,0.946,59.0,1,0
SS23-52347^2023_08_08_16_45_48^^,0.944,59.0,1,0
SS23-52347^2023_08_08_16_56_18^^,0.937,57.0,1,0
SS23-52440^2023_08_08_11_18_14^^,0.438,,0,0
SS23-52454^2023_08_08_13_48_14^^,0.768,38.0,1,0
SS23-52454^2023_08_08_13_48_26^^,0.677,38.0,1,0
SS23-52454^2023_08_08_13_54_53^^,0.704,,1,0
SS23-52454^2023_08_08_13_55_12^^,0.833,82.0,1,0
SS23-52650^2023_08_09_09_47_14^^,1.107,45.0,1,0
SS23-52650^2023_08_09_09_47_21^^,0.903,45.0,1,0
SS23-52650^2023_08_10_08_27_38^^,0.858,50.0,1,0
SS23-52650^2023_08_10_12_53_43^^,1.052,,1,0
SS23-52656^2023_08_09_08_51_43^^,0.444,,0,0
SS23-52763^2023_08_09_08_43_22^^,1.364,45.0,1,0
SS23-52763^2023_08_09_08_43_37^^,0.666,20.0,1,0
SS23-52763^2023_08_09_08_47_22^^,1.076,123.0,1,0
SS23-52913^2023_08_10_08_55_27^^,0.991,129.0,1,0
SS23-54169^2023_08_16_11_19_58^^,0.49,,0,0
SS23-54234^2023_08_16_13_20_03^^,0.463,,0,0
SS23-54401^2023_08_17_14_14_40^^,0.59,,1,0
SS23-54890^2023_08_18_13_08_16^^,1.022,,1,0
SS23-54890^2023_08_18_13_08_22^^,0.902,,1,0
SS23-54890^2023_08_18_13_11_40^^,1.025,63.0,1,0
SS23-55537^2023_08_22_09_26_16^^,0.76,128.0,1,0
SS23-55537^2023_08_22_09_32_44^^,0.488,21.0,0,0
SS23-55638^2023_08_22_10_11_38^^,0.994,67.0,1,0
SS23-55638^2023_08_22_10_12_23^^,1.166,,1,0
SS23-55638^2023_08_25_09_08_15^^,0.929,45.0,1,0
SS23-55638^2023_08_25_09_08_33^^,0.87,70.0,1,0
SS23-55638^2023_08_25_09_18_38^^,0.799,63.0,1,0
SS23-55644^2023_08_22_09_40_06^^,1.119,129.0,1,0
SS23-56053^2023_08_23_14_12_39^^,0.437,,0,0
SS23-56141^2023_08_23_11_02_51^^,0.505,,0,0
SS23-56446^2023_08_24_08_58_01^^,0.438,76.0,0,0
SS23-56642^2023_08_25_09_43_32^^,0.72,40.0,1,0
SS23-56642^2023_08_25_09_44_07^^,0.76,40.0,1,0
SS23-56642^2023_08_25_09_52_28^^,0.985,42.0,1,0
SS23-56642^2023_08_28_08_17_52^^,0.962,,1,0
SS23-56642^2023_08_28_10_01_31^^,0.958,,1,0
SS23-56642^2023_08_28_10_01_31^^^copy,0.972,,1,0
SS23-57267^2023_08_28_13_44_27^^,0.593,,1,0
SS23-57591^2023_08_29_10_08_44^^,0.425,,0,0
SS23-57654^2023_08_29_13_33_07^^,1.031,40.0,1,0
SS23-57654^2023_08_29_13_33_21^^,1.291,21.0,1,0
SS23-57654^2023_08_29_13_39_50^^,1.007,39.0,1,0
SS23-57654^2023_08_29_13_40_10^^,1.079,,1,0
SS23-57705^2023_08_30_08_38_39^^,0.585,,1,0
SS23-57705^2023_08_30_08_39_06^^,0.416,,0,0
SS23-57973^2023_08_30_10_16_59^^,0.435,,0,0
SS23-58025^2023_08_30_10_51_15^^,0.486,,0,0
SS23-58309^2023_08_31_10_55_50^^,0.957,51.0,1,0
SS23-58309^2023_09_01_08_17_50^^,0.903,,1,0
SS23-58315^2023_08_31_10_38_00^^,0.432,,0,0
SS23-58319^2023_08_31_09_08_01^^,0.419,,0,0
SS23-58419^2023_08_31_14_34_25^^,0.433,,0,0
SS23-58684^2023_09_01_09_15_05^^,0.371,,0,0
SS23-59361^2023_09_05_10_00_14^^,1.366,129.0,1,0
SS23-59441^2023_09_05_13_24_52^^,0.802,103.0,1,0
SS23-59474^2023_09_05_14_42_30^^,0.943,50.0,1,0
SS23-59474^2023_09_05_14_42_36^^,0.866,50.0,1,0
SS23-59474^2023_09_05_14_51_02^^,0.939,45.0,1,0
SS23-59474^2023_09_06_08_26_48^^,0.858,49.0,1,0
SS23-59474^2023_09_06_08_26_48^^^copy,0.867,49.0,1,0
SS23-59599^2023_09_06_09_33_19^^,0.417,,0,0
SS23-59739^2023_09_06_10_23_40^^,0.824,49.0,1,0
SS23-59739^2023_09_06_10_27_09^^,0.943,102.0,1,0
SS23-59827^2023_09_06_13_41_48^^,0.503,,0,0
SS23-60447^2023_09_08_10_08_22^^,0.874,58.0,1,0
SS23-60447^2023_09_08_10_08_31^^,1.06,,1,0
SS23-60447^2023_09_08_10_15_11^^,0.938,,1,0
SS23-60447^2023_09_08_10_15_23^^,0.8,,1,0
SS23-60447^2023_09_11_08_19_26^^,0.905,,1,0
SS23-60447^2023_09_11_08_19_36^^,0.829,48.0,1,0
SS23-60447^2023_09_11_09_33_59^^,0.68,82.0,1,0
SS23-60905^2023_09_11_14_19_52^^,0.6,,1,0
SS23-61141^2023_09_12_09_01_36^^,1.214,,1,0
SS23-61141^2023_09_12_09_02_22^^,0.765,45.0,1,0
SS23-61141^2023_09_13_08_18_40^^,0.855,42.0,1,0
SS23-61141^2023_09_13_08_18_49^^,0.627,,1,0
SS23-61190^2023_09_12_09_03_40^^,0.423,,0,0
SS23-61252^2023_09_12_10_54_41^^,0.425,,0,0
SS23-61585^2023_09_13_11_24_50^^,0.606,,1,0
SS23-61626^2023_09_13_14_13_14^^,0.403,,0,0
SS23-61824^2023_09_14_08_45_46^^,0.786,115.0,1,0
SS23-61887^2023_09_14_08_54_26^^,0.41,,0,0
SS23-62277^2023_09_15_09_00_42^^,0.508,,0,0
SS23-63445^2023_09_20_14_17_54^^,0.446,,0,0
SS23-63742^2023_09_21_10_54_58^^,0.923,97.0,1,0
